{
  "Bulbasaur": [
    45,
    49,
    49,
    45,
    65
  ],
  "Ivysaur": [
    60,
    62,
    63,
    60,
    80
  ],
  "Venusaur": [
    80,
    82,
    83,
    80,
    100
  ],
  "Charmander": [
    39,
    52,
    43,
    65,
    50
  ],
  "Charmeleon": [
    58,
    64,
    58,
    80,
    65
  ],
  "Charizard": [
    78,
    64,
    58,
    80,
    85
  ],
  "Squirtle": [
    44,
    48,
    65,
    43,
    50
  ],
  "Wartortle": [
    59,
    63,
    80,
    58,
    65
  ],
  "Blastoise": [
    79,
    83,
    100,
    78,
    85
  ],
  "Caterpie": [
    45,
    30,
    35,
    45,
    20
  ],
  "Metapod": [
    50,
    20,
    55,
    30,
    25
  ],
  "Butterfree": [
    60,
    45,
    50,
    70,
    80
  ],
  "Weedle": [
    40,
    35,
    30,
    50,
    20
  ],
  "Kakuna": [
    45,
    25,
    50,
    35,
    25
  ],
  "Beedrill": [
    65,
    80,
    40,
    75,
    45
  ],
  "Pidgey": [
    40,
    45,
    40,
    56,
    35
  ],
  "Pidgeotto": [
    63,
    60,
    55,
    71,
    50
  ],
  "Pidgeot": [
    83,
    80,
    75,
    91,
    70
  ],
  "Rattata": [
    30,
    56,
    35,
    72,
    25
  ],
  "Raticate": [
    55,
    81,
    60,
    97,
    50
  ],
  "Spearow": [
    40,
    60,
    30,
    70,
    31
  ],
  "Fearow": [
    65,
    90,
    65,
    100,
    61
  ],
  "Ekans": [
    35,
    60,
    44,
    55,
    40
  ],
  "Arbok": [
    60,
    85,
    69,
    80,
    65
  ],
  "Pikachu": [
    35,
    55,
    30,
    90,
    50
  ],
  "Raichu": [
    60,
    90,
    55,
    100,
    90
  ],
  "Sandshrew": [
    50,
    75,
    85,
    40,
    30
  ],
  "Sandslash": [
    75,
    100,
    110,
    65,
    55
  ],
  "Nidoran♀": [
    55,
    47,
    52,
    41,
    40
  ],
  "Nidorina": [
    70,
    62,
    67,
    56,
    55
  ],
  "Nidoqueen": [
    90,
    82,
    87,
    76,
    75
  ],
  "Nidoran♂": [
    46,
    57,
    40,
    50,
    40
  ],
  "Nidorino": [
    61,
    72,
    57,
    65,
    55
  ],
  "Nidoking": [
    81,
    92,
    77,
    85,
    75
  ],
  "Clefairy": [
    70,
    45,
    48,
    35,
    60
  ],
  "Clefable": [
    95,
    70,
    73,
    60,
    85
  ],
  "Vulpix": [
    38,
    41,
    40,
    65,
    65
  ],
  "Ninetales": [
    73,
    76,
    75,
    100,
    100
  ],
  "Jigglypuff": [
    115,
    45,
    20,
    20,
    25
  ],
  "Wigglytuff": [
    140,
    70,
    45,
    45,
    50
  ],
  "Zubat": [
    40,
    45,
    35,
    55,
    40
  ],
  "Golbat": [
    75,
    80,
    70,
    90,
    75
  ],
  "Oddish": [
    45,
    50,
    55,
    30,
    75
  ],
  "Gloom": [
    60,
    65,
    70,
    40,
    85
  ],
  "Vileplume": [
    75,
    80,
    85,
    50,
    100
  ],
  "Paras": [
    35,
    70,
    55,
    25,
    55
  ],
  "Parasect": [
    60,
    95,
    80,
    30,
    80
  ],
  "Venonat": [
    60,
    55,
    50,
    45,
    40
  ],
  "Venomoth": [
    70,
    65,
    60,
    90,
    90
  ],
  "Diglett": [
    10,
    55,
    25,
    95,
    45
  ],
  "Dugtrio": [
    35,
    80,
    50,
    120,
    70
  ],
  "Meowth": [
    40,
    45,
    35,
    90,
    40
  ],
  "Persian": [
    65,
    70,
    60,
    115,
    65
  ],
  "Psyduck": [
    50,
    52,
    48,
    55,
    50
  ],
  "Golduck": [
    80,
    82,
    78,
    85,
    80
  ],
  "Mankey": [
    40,
    80,
    35,
    70,
    35
  ],
  "Primeape": [
    65,
    105,
    60,
    95,
    60
  ],
  "Growlithe": [
    55,
    70,
    45,
    60,
    50
  ],
  "Arcanine": [
    90,
    110,
    80,
    95,
    80
  ],
  "Poliwag": [
    40,
    50,
    40,
    90,
    40
  ],
  "Poliwhirl": [
    65,
    65,
    65,
    90,
    50
  ],
  "Poliwrath": [
    90,
    85,
    95,
    70,
    70
  ],
  "Abra": [
    25,
    20,
    15,
    90,
    105
  ],
  "Kadabra": [
    40,
    35,
    30,
    105,
    120
  ],
  "Alakazam": [
    55,
    50,
    45,
    120,
    135
  ],
  "Machop": [
    70,
    80,
    50,
    35,
    35
  ],
  "Machoke": [
    80,
    100,
    70,
    45,
    50
  ],
  "Machamp": [
    90,
    130,
    80,
    55,
    65
  ],
  "Bellsprout": [
    50,
    75,
    35,
    40,
    70
  ],
  "Weepinbell": [
    65,
    90,
    50,
    55,
    85
  ],
  "Victreebel": [
    80,
    105,
    65,
    70,
    100
  ],
  "Tentacool": [
    40,
    40,
    35,
    70,
    100
  ],
  "Tentacruel": [
    80,
    70,
    65,
    100,
    120
  ],
  "Geodude": [
    40,
    80,
    100,
    20,
    30
  ],
  "Graveler": [
    55,
    95,
    115,
    35,
    45
  ],
  "Golem": [
    80,
    110,
    130,
    45,
    55
  ],
  "Ponyta": [
    50,
    85,
    55,
    90,
    65
  ],
  "Rapidash": [
    65,
    100,
    70,
    105,
    80
  ],
  "Slowpoke": [
    90,
    65,
    65,
    15,
    40
  ],
  "Slowbro": [
    95,
    75,
    110,
    30,
    80
  ],
  "Magnemite": [
    25,
    35,
    70,
    45,
    95
  ],
  "Magneton": [
    50,
    60,
    95,
    70,
    120
  ],
  "Farfetch'd": [
    52,
    65,
    55,
    60,
    58
  ],
  "Doduo": [
    35,
    85,
    45,
    75,
    35
  ],
  "Dodrio": [
    60,
    110,
    70,
    100,
    60
  ],
  "Seel": [
    65,
    45,
    55,
    45,
    70
  ],
  "Dewgong": [
    90,
    70,
    80,
    70,
    95
  ],
  "Grimer": [
    80,
    80,
    50,
    25,
    40
  ],
  "Muk": [
    105,
    105,
    75,
    50,
    65
  ],
  "Shellder": [
    30,
    65,
    100,
    40,
    45
  ],
  "Cloyster": [
    50,
    95,
    180,
    75,
    85
  ],
  "Gastly": [
    30,
    35,
    30,
    80,
    100
  ],
  "Haunter": [
    45,
    50,
    45,
    95,
    115
  ],
  "Gengar": [
    60,
    65,
    60,
    110,
    130
  ],
  "Onix": [
    35,
    45,
    160,
    70,
    30
  ],
  "Drowzee": [
    60,
    48,
    45,
    42,
    90
  ],
  "Hypno": [
    85,
    73,
    70,
    67,
    115
  ],
  "Krabby": [
    30,
    105,
    90,
    50,
    25
  ],
  "Kingler": [
    55,
    130,
    115,
    75,
    50
  ],
  "Voltorb": [
    40,
    30,
    50,
    100,
    55
  ],
  "Electrode": [
    60,
    50,
    70,
    140,
    80
  ],
  "Exeggcute": [
    60,
    40,
    80,
    40,
    60
  ],
  "Exeggutor": [
    95,
    95,
    85,
    55,
    125
  ],
  "Cubone": [
    50,
    50,
    95,
    35,
    40
  ],
  "Marowak": [
    60,
    80,
    110,
    45,
    50
  ],
  "Hitmonlee": [
    50,
    120,
    53,
    87,
    35
  ],
  "Hitmonchan": [
    50,
    105,
    79,
    76,
    35
  ],
  "Lickitung": [
    90,
    55,
    75,
    30,
    60
  ],
  "Koffing": [
    40,
    65,
    95,
    35,
    60
  ],
  "Weezing": [
    65,
    90,
    120,
    60,
    85
  ],
  "Rhyhorn": [
    80,
    85,
    95,
    25,
    30
  ],
  "Rhydon": [
    105,
    130,
    120,
    40,
    45
  ],
  "Chansey": [
    250,
    5,
    5,
    50,
    105
  ],
  "Tangela": [
    65,
    55,
    115,
    60,
    100
  ],
  "Kangaskhan": [
    105,
    95,
    80,
    90,
    40
  ],
  "Horsea": [
    30,
    40,
    70,
    60,
    70
  ],
  "Seadra": [
    55,
    65,
    95,
    85,
    95
  ],
  "Goldeen": [
    45,
    67,
    60,
    63,
    50
  ],
  "Seaking": [
    80,
    92,
    65,
    68,
    80
  ],
  "Staryu": [
    30,
    45,
    55,
    85,
    70
  ],
  "Starmie": [
    60,
    75,
    85,
    115,
    100
  ],
  "Mr. Mime": [
    40,
    45,
    65,
    90,
    100
  ],
  "Scyther": [
    70,
    110,
    80,
    105,
    55
  ],
  "Jynx": [
    65,
    50,
    35,
    95,
    95
  ],
  "Electabuzz": [
    65,
    83,
    57,
    105,
    85
  ],
  "Magmar": [
    65,
    95,
    57,
    93,
    85
  ],
  "Pinsir": [
    65,
    125,
    100,
    85,
    55
  ],
  "Tauros": [
    75,
    100,
    95,
    110,
    70
  ],
  "Magikarp": [
    20,
    10,
    55,
    80,
    20
  ],
  "Gyarados": [
    95,
    125,
    79,
    81,
    100
  ],
  "Lapras": [
    130,
    85,
    80,
    60,
    95
  ],
  "Ditto": [
    48,
    48,
    48,
    48,
    48
  ],
  "Eevee": [
    55,
    55,
    50,
    55,
    65
  ],
  "Vaporeon": [
    130,
    65,
    60,
    65,
    110
  ],
  "Jolteon": [
    65,
    65,
    60,
    130,
    110
  ],
  "Flareon": [
    65,
    130,
    60,
    65,
    110
  ],
  "Porygon": [
    65,
    60,
    70,
    40,
    75
  ],
  "Omanyte": [
    35,
    40,
    100,
    35,
    90
  ],
  "Omastar": [
    70,
    60,
    125,
    55,
    115
  ],
  "Kabuto": [
    30,
    80,
    90,
    55,
    45
  ],
  "Kabutops": [
    60,
    115,
    105,
    80,
    70
  ],
  "Aerodactyl": [
    80,
    105,
    65,
    130,
    60
  ],
  "Snorlax": [
    160,
    110,
    65,
    30,
    65
  ],
  "Articuno": [
    90,
    85,
    100,
    85,
    125
  ],
  "Zapdos": [
    90,
    90,
    85,
    100,
    125
  ],
  "Moltres": [
    90,
    100,
    90,
    90,
    125
  ],
  "Dratini": [
    41,
    64,
    45,
    50,
    50
  ],
  "Dragonair": [
    61,
    84,
    65,
    70,
    70
  ],
  "Dragonite": [
    91,
    134,
    95,
    80,
    100
  ],
  "Mewtwo": [
    106,
    110,
    90,
    130,
    154
  ],
  "Mew": [
    100,
    100,
    100,
    100,
    100
  ]
}