{
  "Bulbasaur": 1,
  "Ivysaur": 1,
  "Venusaur": 1,
  "Charmander": 1,
  "Charmeleon": 1,
  "Charizard": 1,
  "Squirtle": 1,
  "Wartortle": 1,
  "Blastoise": 1,
  "Caterpie": 2,
  "Metapod": 2,
  "Butterfree": 2,
  "Weedle": 2,
  "Kakuna": 2,
  "Beedrill": 2,
  "Pidgey": 1,
  "Pidgeotto": 1,
  "Pidgeot": 1,
  "Rattata": 2,
  "Raticate": 2,
  "Spearow": 2,
  "Fearow": 2,
  "Ekans": 2,
  "Arbok": 2,
  "Pikachu": 2,
  "Raichu": 2,
  "Sandshrew": 2,
  "Sandslash": 2,
  "Nidoran♀": 1,
  "Nidorina": 1,
  "Nidoqueen": 1,
  "Nidoran♂": 1,
  "Nidorino": 1,
  "Nidoking": 1,
  "Clefairy": 3,
  "Clefable": 3,
  "Vulpix": 2,
  "Ninetales": 2,
  "Jigglypuff": 3,
  "Wigglytuff": 3,
  "Zubat": 2,
  "Golbat": 2,
  "Oddish": 1,
  "Gloom": 1,
  "Vileplume": 1,
  "Paras": 2,
  "Parasect": 2,
  "Venonat": 2,
  "Venomoth": 2,
  "Diglett": 2,
  "Dugtrio": 2,
  "Meowth": 2,
  "Persian": 2,
  "Psyduck": 2,
  "Golduck": 2,
  "Mankey": 2,
  "Primeape": 2,
  "Growlithe": 0,
  "Arcanine": 0,
  "Poliwag": 1,
  "Poliwhirl": 1,
  "Poliwrath": 1,
  "Abra": 1,
  "Kadabra": 1,
  "Alakazam": 1,
  "Machop": 1,
  "Machoke": 1,
  "Machamp": 1,
  "Bellsprout": 1,
  "Weepinbell": 1,
  "Victreebel": 1,
  "Tentacool": 0,
  "Tentacruel": 0,
  "Geodude": 1,
  "Graveler": 1,
  "Golem": 1,
  "Ponyta": 2,
  "Rapidash": 2,
  "Slowpoke": 2,
  "Slowbro": 2,
  "Magnemite": 2,
  "Magneton": 2,
  "Farfetch'd": 2,
  "Doduo": 2,
  "Dodrio": 2,
  "Seel": 2,
  "Dewgong": 2,
  "Grimer": 2,
  "Muk": 2,
  "Shellder": 0,
  "Cloyster": 0,
  "Gastly": 1,
  "Haunter": 1,
  "Gengar": 1,
  "Onix": 2,
  "Drowzee": 2,
  "Hypno": 2,
  "Krabby": 2,
  "Kingler": 2,
  "Voltorb": 2,
  "Electrode": 2,
  "Exeggcute": 0,
  "Exeggutor": 0,
  "Cubone": 2,
  "Marowak": 2,
  "Hitmonlee": 2,
  "Hitmonchan": 2,
  "Lickitung": 2,
  "Koffing": 2,
  "Weezing": 2,
  "Rhyhorn": 0,
  "Rhydon": 0,
  "Chansey": 3,
  "Tangela": 2,
  "Kangaskhan": 2,
  "Horsea": 2,
  "Seadra": 2,
  "Goldeen": 2,
  "Seaking": 2,
  "Staryu": 0,
  "Starmie": 0,
  "Mr. Mime": 2,
  "Scyther": 2,
  "Jynx": 2,
  "Electabuzz": 2,
  "Magmar": 2,
  "Pinsir": 0,
  "Tauros": 0,
  "Magikarp": 0,
  "Gyarados": 0,
  "Lapras": 0,
  "Ditto": 2,
  "Eevee": 2,
  "Vaporeon": 2,
  "Jolteon": 2,
  "Flareon": 2,
  "Porygon": 2,
  "Omanyte": 2,
  "Omastar": 2,
  "Kabuto": 2,
  "Kabutops": 2,
  "Aerodactyl": 0,
  "Snorlax": 0,
  "Articuno": 0,
  "Zapdos": 0,
  "Moltres": 0,
  "Dratini": 0,
  "Dragonair": 0,
  "Dragonite": 0,
  "Mewtwo": 0,
  "Mew": 1
}