{
  "Master Ball": 0,
  "Ultra Ball": 1200,
  "Great Ball": 600,
  "Poke Ball": 200,
  "Town Map": 0,
  "Bicycle": 0,
  "Surfboard": 0,
  "Safari Ball": 1000,
  "Pokedex": 0,
  "Moon Stone": 0,
  "Antidote": 100,
  "Burn Heal": 250,
  "Ice Heal": 250,
  "Awakening": 200,
  "Parlyz Heal": 200,
  "Full Restore": 3000,
  "Max Potion": 2500,
  "Hyper Potion": 1500,
  "Super Potion": 700,
  "Potion": 300,
  "Boulderbadge": 0,
  "Cascadebadge": 0,
  "Thunderbadge": 0,
  "Rainbowbadge": 0,
  "SoulBadge": 0,
  "Marshbadge": 0,
  "Volcanobadge": 0,
  "Earthbadge": 0,
  "Escape Rope": 550,
  "Repel": 350,
  "Old Amber": 0,
  "Fire Stone": 2100,
  "Thunder Stone": 2100,
  "Water Stone": 2100,
  "HP Up": 9800,
  "Protein": 9800,
  "Iron": 9800,
  "Carbos": 9800,
  "Calcium": 9800,
  "Rare Candy": 4800,
  "Dome Fossil": 0,
  "Helix Fossil": 0,
  "Secret Key": 0,
  "XXX": 0,
  "Bike Voucher": 0,
  "X Accuracy": 950,
  "Leaf Stone": 2100,
  "Card Key": 0,
  "Nugget": 10000,
  "XXX PP Up": 9800,
  "Poke Doll": 1000,
  "Full Heal": 600,
  "Revive": 1500,
  "Max Revive": 4000,
  "Guard Spec": 700,
  "Super Repel": 500,
  "Max Repel": 700,
  "Dire Hit": 650,
  "Coin": 10,
  "Fresh Water": 200,
  "Soda Pop": 300,
  "Lemonade": 350,
  "S.S.Ticket": 0,
  "Gold Teeth": 0,
  "X Attack": 500,
  "X Defend": 500,
  "X Speed": 350,
  "X Special": 350,
  "Coin Case": 0,
  "Oak's Parcel": 0,
  "Itemfinder": 0,
  "Silph Scope": 0,
  "Poke Flute": 0,
  "Lift Key": 0,
  "Exp All": 0,
  "Old Rod": 0,
  "Good Rood": 0,
  "Super Rod": 0,
  "PP Up": 9800,
  "Ether": 0,
  "Max Ether": 0,
  "Elixer": 0,
  "Max Elixer": 0,
  "B2F": 0,
  "B1F": 0,
  "1F": 0,
  "2F": 0,
  "3F": 0,
  "4F": 0,
  "5F": 0,
  "6F": 0,
  "7F": 0,
  "8F": 0,
  "9F": 0,
  "10F": 0,
  "11F": 0,
  "B4F": 0
}