{
  "Bulbasaur": [
    {
      "Item1": "Tackle",
      "Item2": 1
    },
    {
      "Item1": "Growl",
      "Item2": 1
    },
    {
      "Item1": "Leech Seed",
      "Item2": 7
    },
    {
      "Item1": "Vine Whip",
      "Item2": 13
    },
    {
      "Item1": "Poisonpowder",
      "Item2": 20
    },
    {
      "Item1": "Razor Leaf",
      "Item2": 27
    },
    {
      "Item1": "Growth",
      "Item2": 34
    },
    {
      "Item1": "Sleep Powder",
      "Item2": 41
    },
    {
      "Item1": "Solarbeam",
      "Item2": 48
    }
  ],
  "Ivysaur": [
    {
      "Item1": "Tackle",
      "Item2": 1
    },
    {
      "Item1": "Growl",
      "Item2": 1
    },
    {
      "Item1": "Leech Seed",
      "Item2": 1
    },
    {
      "Item1": "Leech Seed",
      "Item2": 7
    },
    {
      "Item1": "Vine Whip",
      "Item2": 13
    },
    {
      "Item1": "Poisonpowder",
      "Item2": 22
    },
    {
      "Item1": "Razor Leaf",
      "Item2": 30
    },
    {
      "Item1": "Growth",
      "Item2": 38
    },
    {
      "Item1": "Sleep Powder",
      "Item2": 46
    },
    {
      "Item1": "Solarbeam",
      "Item2": 54
    }
  ],
  "Venusaur": [
    {
      "Item1": "Tackle",
      "Item2": 1
    },
    {
      "Item1": "Growl",
      "Item2": 1
    },
    {
      "Item1": "Leech Seed",
      "Item2": 1
    },
    {
      "Item1": "Vine Whip",
      "Item2": 1
    },
    {
      "Item1": "Leech Seed",
      "Item2": 7
    },
    {
      "Item1": "Vine Whip",
      "Item2": 13
    },
    {
      "Item1": "Poisonpowder",
      "Item2": 22
    },
    {
      "Item1": "Razor Leaf",
      "Item2": 30
    },
    {
      "Item1": "Growth",
      "Item2": 43
    },
    {
      "Item1": "Sleep Powder",
      "Item2": 55
    },
    {
      "Item1": "Solarbeam",
      "Item2": 65
    }
  ],
  "Charmander": [
    {
      "Item1": "Scratch",
      "Item2": 1
    },
    {
      "Item1": "Growl",
      "Item2": 1
    },
    {
      "Item1": "Ember",
      "Item2": 7
    },
    {
      "Item1": "Leer",
      "Item2": 15
    },
    {
      "Item1": "Rage",
      "Item2": 22
    },
    {
      "Item1": "Slash",
      "Item2": 30
    },
    {
      "Item1": "Flamethrower",
      "Item2": 38
    },
    {
      "Item1": "Fire Spin",
      "Item2": 46
    }
  ],
  "Charmeleon": [
    {
      "Item1": "Scratch",
      "Item2": 1
    },
    {
      "Item1": "Growl",
      "Item2": 1
    },
    {
      "Item1": "Ember",
      "Item2": 1
    },
    {
      "Item1": "Ember",
      "Item2": 9
    },
    {
      "Item1": "Leer",
      "Item2": 15
    },
    {
      "Item1": "Rage",
      "Item2": 24
    },
    {
      "Item1": "Slash",
      "Item2": 33
    },
    {
      "Item1": "Flamethrower",
      "Item2": 42
    },
    {
      "Item1": "Fire Spin",
      "Item2": 56
    }
  ],
  "Charizard": [
    {
      "Item1": "Scratch",
      "Item2": 1
    },
    {
      "Item1": "Growl",
      "Item2": 1
    },
    {
      "Item1": "Ember",
      "Item2": 1
    },
    {
      "Item1": "Leer",
      "Item2": 1
    },
    {
      "Item1": "Ember",
      "Item2": 9
    },
    {
      "Item1": "Leer",
      "Item2": 15
    },
    {
      "Item1": "Rage",
      "Item2": 24
    },
    {
      "Item1": "Slash",
      "Item2": 36
    },
    {
      "Item1": "Flamethrower",
      "Item2": 46
    },
    {
      "Item1": "Fire Spin",
      "Item2": 55
    }
  ],
  "Squirtle": [
    {
      "Item1": "Tackle",
      "Item2": 1
    },
    {
      "Item1": "Tail Whip",
      "Item2": 1
    },
    {
      "Item1": "Bubble",
      "Item2": 8
    },
    {
      "Item1": "Water Gun",
      "Item2": 15
    },
    {
      "Item1": "Bite",
      "Item2": 22
    },
    {
      "Item1": "Withdraw",
      "Item2": 28
    },
    {
      "Item1": "Skull Bash",
      "Item2": 39
    },
    {
      "Item1": "Hydro Pump",
      "Item2": 42
    }
  ],
  "Wartortle": [
    {
      "Item1": "Tackle",
      "Item2": 1
    },
    {
      "Item1": "Tail Whip",
      "Item2": 1
    },
    {
      "Item1": "Bubble",
      "Item2": 1
    },
    {
      "Item1": "Bubble",
      "Item2": 8
    },
    {
      "Item1": "Water Gun",
      "Item2": 15
    },
    {
      "Item1": "Bite",
      "Item2": 24
    },
    {
      "Item1": "Withdraw",
      "Item2": 31
    },
    {
      "Item1": "Skull Bash",
      "Item2": 39
    },
    {
      "Item1": "Hydro Pump",
      "Item2": 47
    }
  ],
  "Blastoise": [
    {
      "Item1": "Tackle",
      "Item2": 1
    },
    {
      "Item1": "Tail Whip",
      "Item2": 1
    },
    {
      "Item1": "Water Gun",
      "Item2": 1
    },
    {
      "Item1": "Bubble",
      "Item2": 1
    },
    {
      "Item1": "Bubble",
      "Item2": 8
    },
    {
      "Item1": "Water Gun",
      "Item2": 15
    },
    {
      "Item1": "Bite",
      "Item2": 22
    },
    {
      "Item1": "Withdraw",
      "Item2": 28
    },
    {
      "Item1": "Skull Bash",
      "Item2": 39
    },
    {
      "Item1": "Hydro Pump",
      "Item2": 47
    }
  ],
  "Caterpie": [
    {
      "Item1": "Tackle",
      "Item2": 1
    },
    {
      "Item1": "String Shot",
      "Item2": 1
    }
  ],
  "Metapod": [
    {
      "Item1": "Harden",
      "Item2": 1
    }
  ],
  "Butterfree": [
    {
      "Item1": "Confusion",
      "Item2": 1
    },
    {
      "Item1": "Confusion",
      "Item2": 12
    },
    {
      "Item1": "Poisonpowder",
      "Item2": 15
    },
    {
      "Item1": "Stun Spore",
      "Item2": 16
    },
    {
      "Item1": "Sleep Powder",
      "Item2": 17
    },
    {
      "Item1": "Supersonic",
      "Item2": 21
    },
    {
      "Item1": "Whirlwind",
      "Item2": 26
    },
    {
      "Item1": "Psybeam",
      "Item2": 32
    }
  ],
  "Weedle": [
    {
      "Item1": "Poison Sting",
      "Item2": 1
    },
    {
      "Item1": "String Shot",
      "Item2": 1
    }
  ],
  "Kakuna": [
    {
      "Item1": "Harden",
      "Item2": 1
    }
  ],
  "Beedrill": [
    {
      "Item1": "Fury Attack",
      "Item2": 1
    },
    {
      "Item1": "Fury Attack",
      "Item2": 12
    },
    {
      "Item1": "Focus Energy",
      "Item2": 16
    },
    {
      "Item1": "Twineedle",
      "Item2": 20
    },
    {
      "Item1": "Rage",
      "Item2": 25
    },
    {
      "Item1": "Pin Missle",
      "Item2": 30
    },
    {
      "Item1": "Agility",
      "Item2": 35
    }
  ],
  "Pidgey": [
    {
      "Item1": "Gust",
      "Item2": 1
    },
    {
      "Item1": "Sand-Attack",
      "Item2": 5
    },
    {
      "Item1": "Quick Attack",
      "Item2": 12
    },
    {
      "Item1": "Whirlwind",
      "Item2": 19
    },
    {
      "Item1": "Wing Attack",
      "Item2": 28
    },
    {
      "Item1": "Agility",
      "Item2": 36
    },
    {
      "Item1": "Mirror Move",
      "Item2": 44
    }
  ],
  "Pidgeotto": [
    {
      "Item1": "Gust",
      "Item2": 1
    },
    {
      "Item1": "Sand-Attack",
      "Item2": 1
    },
    {
      "Item1": "Sand-Attack",
      "Item2": 5
    },
    {
      "Item1": "Quick Attack",
      "Item2": 12
    },
    {
      "Item1": "Whirlwind",
      "Item2": 21
    },
    {
      "Item1": "Wing Attack",
      "Item2": 31
    },
    {
      "Item1": "Agility",
      "Item2": 40
    },
    {
      "Item1": "Mirror Move",
      "Item2": 49
    }
  ],
  "Pidgeot": [
    {
      "Item1": "Gust",
      "Item2": 1
    },
    {
      "Item1": "Sand-Attack",
      "Item2": 1
    },
    {
      "Item1": "Quick Attack",
      "Item2": 1
    },
    {
      "Item1": "Sand-Attack",
      "Item2": 5
    },
    {
      "Item1": "Quick Attack",
      "Item2": 12
    },
    {
      "Item1": "Whirlwind",
      "Item2": 21
    },
    {
      "Item1": "Wing Attack",
      "Item2": 31
    },
    {
      "Item1": "Agility",
      "Item2": 44
    },
    {
      "Item1": "Mirror Move",
      "Item2": 54
    }
  ],
  "Rattata": [
    {
      "Item1": "Tackle",
      "Item2": 1
    },
    {
      "Item1": "Tail Whip",
      "Item2": 1
    },
    {
      "Item1": "Quick Attack",
      "Item2": 7
    },
    {
      "Item1": "Hyper Fang",
      "Item2": 14
    },
    {
      "Item1": "Focus Energy",
      "Item2": 23
    },
    {
      "Item1": "Super Fang",
      "Item2": 34
    }
  ],
  "Raticate": [
    {
      "Item1": "Tackle",
      "Item2": 1
    },
    {
      "Item1": "Tail Whip",
      "Item2": 1
    },
    {
      "Item1": "Quick Attack",
      "Item2": 1
    },
    {
      "Item1": "Quick Attack",
      "Item2": 7
    },
    {
      "Item1": "Hyper Fang",
      "Item2": 14
    },
    {
      "Item1": "Focus Energy",
      "Item2": 27
    },
    {
      "Item1": "Super Fang",
      "Item2": 41
    }
  ],
  "Spearow": [
    {
      "Item1": "Peck",
      "Item2": 1
    },
    {
      "Item1": "Growl",
      "Item2": 1
    },
    {
      "Item1": "Leer",
      "Item2": 9
    },
    {
      "Item1": "Fury Attack",
      "Item2": 15
    },
    {
      "Item1": "Mirror Move",
      "Item2": 22
    },
    {
      "Item1": "Drill Peck",
      "Item2": 29
    },
    {
      "Item1": "Agility",
      "Item2": 36
    }
  ],
  "Fearow": [
    {
      "Item1": "Peck",
      "Item2": 1
    },
    {
      "Item1": "Growl",
      "Item2": 1
    },
    {
      "Item1": "Leer",
      "Item2": 1
    },
    {
      "Item1": "Leer",
      "Item2": 9
    },
    {
      "Item1": "Fury Attack",
      "Item2": 15
    },
    {
      "Item1": "Mirror Move",
      "Item2": 25
    },
    {
      "Item1": "Drill Peck",
      "Item2": 34
    },
    {
      "Item1": "Agility",
      "Item2": 43
    }
  ],
  "Ekans": [
    {
      "Item1": "Wrap",
      "Item2": 1
    },
    {
      "Item1": "Leer",
      "Item2": 1
    },
    {
      "Item1": "Poison Sting",
      "Item2": 10
    },
    {
      "Item1": "Bite",
      "Item2": 17
    },
    {
      "Item1": "Glare",
      "Item2": 24
    },
    {
      "Item1": "Screech",
      "Item2": 31
    },
    {
      "Item1": "Acid",
      "Item2": 38
    }
  ],
  "Arbok": [
    {
      "Item1": "Wrap",
      "Item2": 1
    },
    {
      "Item1": "Leer",
      "Item2": 1
    },
    {
      "Item1": "Poison Sting",
      "Item2": 1
    },
    {
      "Item1": "Poison Sting",
      "Item2": 10
    },
    {
      "Item1": "Bite",
      "Item2": 17
    },
    {
      "Item1": "Glare",
      "Item2": 24
    },
    {
      "Item1": "Screech",
      "Item2": 31
    },
    {
      "Item1": "Acid",
      "Item2": 38
    }
  ],
  "Pikachu": [
    {
      "Item1": "Growl",
      "Item2": 1
    },
    {
      "Item1": "Thundershock",
      "Item2": 1
    },
    {
      "Item1": "Thunder Wave",
      "Item2": 9
    },
    {
      "Item1": "Quick Attack",
      "Item2": 16
    },
    {
      "Item1": "Swift",
      "Item2": 26
    },
    {
      "Item1": "Agility",
      "Item2": 33
    },
    {
      "Item1": "Thunder",
      "Item2": 43
    }
  ],
  "Raichu": [
    {
      "Item1": "Growl",
      "Item2": 1
    },
    {
      "Item1": "Thundershock",
      "Item2": 1
    },
    {
      "Item1": "Thunder Wave",
      "Item2": 1
    }
  ],
  "Sandshrew": [
    {
      "Item1": "Scratch",
      "Item2": 1
    },
    {
      "Item1": "Sand-Attack",
      "Item2": 10
    },
    {
      "Item1": "Slash",
      "Item2": 17
    },
    {
      "Item1": "Poison Sting",
      "Item2": 24
    },
    {
      "Item1": "Swift",
      "Item2": 31
    },
    {
      "Item1": "Fury Swipes",
      "Item2": 38
    }
  ],
  "Sandslash": [
    {
      "Item1": "Scratch",
      "Item2": 1
    },
    {
      "Item1": "Sand-Attack",
      "Item2": 1
    },
    {
      "Item1": "Sand-Attack",
      "Item2": 10
    },
    {
      "Item1": "Slash",
      "Item2": 17
    },
    {
      "Item1": "Poison Sting",
      "Item2": 27
    },
    {
      "Item1": "Swift",
      "Item2": 36
    },
    {
      "Item1": "Fury Swipes",
      "Item2": 47
    }
  ],
  "Nidoran♀": [
    {
      "Item1": "Growl",
      "Item2": 1
    },
    {
      "Item1": "Tackle",
      "Item2": 1
    },
    {
      "Item1": "Scratch",
      "Item2": 8
    },
    {
      "Item1": "Poison Sting",
      "Item2": 14
    },
    {
      "Item1": "Tail Whip",
      "Item2": 21
    },
    {
      "Item1": "Bite",
      "Item2": 29
    },
    {
      "Item1": "Fury Swipes",
      "Item2": 36
    },
    {
      "Item1": "Double Kick",
      "Item2": 43
    }
  ],
  "Nidorina": [
    {
      "Item1": "Growl",
      "Item2": 1
    },
    {
      "Item1": "Scratch",
      "Item2": 1
    },
    {
      "Item1": "Tackle",
      "Item2": 1
    },
    {
      "Item1": "Scratch",
      "Item2": 8
    },
    {
      "Item1": "Poison Sting",
      "Item2": 14
    },
    {
      "Item1": "Tail Whip",
      "Item2": 23
    },
    {
      "Item1": "Bite",
      "Item2": 32
    },
    {
      "Item1": "Fury Swipes",
      "Item2": 41
    },
    {
      "Item1": "Double Kick",
      "Item2": 50
    }
  ],
  "Nidoqueen": [
    {
      "Item1": "Body Slam",
      "Item2": 1
    },
    {
      "Item1": "Scratch",
      "Item2": 1
    },
    {
      "Item1": "Tackle",
      "Item2": 1
    },
    {
      "Item1": "Tail Whip",
      "Item2": 1
    },
    {
      "Item1": "Scratch",
      "Item2": 8
    },
    {
      "Item1": "Poison Sting",
      "Item2": 14
    },
    {
      "Item1": "Body Slam",
      "Item2": 23
    }
  ], 
  "Nidoran♂": [
    {
      "Item1": "Leer",
      "Item2": 1
    },
    {
      "Item1": "Tackle",
      "Item2": 1
    },
    {
      "Item1": "Horn Attack",
      "Item2": 8
    },
    {
      "Item1": "Poison Sting",
      "Item2": 14
    },
    {
      "Item1": "Focus Energy",
      "Item2": 21
    },
    {
      "Item1": "Fury Attack",
      "Item2": 29
    },
    {
      "Item1": "Horn Drill",
      "Item2": 36
    },
    {
      "Item1": "Double Kick",
      "Item2": 43
    }
  ],
  "Nidorino": [
    {
      "Item1": "Leer",
      "Item2": 1
    },
    {
      "Item1": "Horn Attack",
      "Item2": 1
    },
    {
      "Item1": "Tackle",
      "Item2": 1
    },
    {
      "Item1": "Horn Attack",
      "Item2": 8
    },
    {
      "Item1": "Poison Sting",
      "Item2": 14
    },
    {
      "Item1": "Focus Energy",
      "Item2": 23
    },
    {
      "Item1": "Fury Attack",
      "Item2": 32
    },
    {
      "Item1": "Horn Drill",
      "Item2": 41
    },
    {
      "Item1": "Double Kick",
      "Item2": 50
    }
  ],
  "Nidoking": [
    {
      "Item1": "Horn Attack",
      "Item2": 1
    },
    {
      "Item1": "Poison Sting",
      "Item2": 1
    },
    {
      "Item1": "Tackle",
      "Item2": 1
    },
    {
      "Item1": "Thrash",
      "Item2": 1
    },
    {
      "Item1": "Horn Attack",
      "Item2": 8
    },
    {
      "Item1": "Poison Sting",
      "Item2": 14
    },
    {
      "Item1": "Thrash",
      "Item2": 23
    }
  ],
  "Clefairy": [
    {
      "Item1": "Growl",
      "Item2": 1
    },
    {
      "Item1": "Pound",
      "Item2": 1
    },
    {
      "Item1": "Sing",
      "Item2": 13
    },
    {
      "Item1": "Doubleslap",
      "Item2": 18
    },
    {
      "Item1": "Minimize",
      "Item2": 24
    },
    {
      "Item1": "Metronome",
      "Item2": 31
    },
    {
      "Item1": "Defense Curl",
      "Item2": 39
    },
    {
      "Item1": "Light Screen",
      "Item2": 48
    }
  ],
  "Clefable": [
    {
      "Item1": "Doubleslap",
      "Item2": 1
    },
    {
      "Item1": "Metronome",
      "Item2": 1
    },
    {
      "Item1": "Minimize",
      "Item2": 1
    },
    {
      "Item1": "Sing",
      "Item2": 1
    }
  ],
  "Vulpix": [
    {
      "Item1": "Ember",
      "Item2": 1
    },
    {
      "Item1": "Tail Whip",
      "Item2": 1
    },
    {
      "Item1": "Quick Attack",
      "Item2": 16
    },
    {
      "Item1": "Roar",
      "Item2": 21
    },
    {
      "Item1": "Confuse Ray",
      "Item2": 28
    },
    {
      "Item1": "Flamethrower",
      "Item2": 35
    },
    {
      "Item1": "Fire Spin",
      "Item2": 42
    }
  ],
  "Ninetales": [
    {
      "Item1": "Ember",
      "Item2": 1
    },
    {
      "Item1": "Quick Attack",
      "Item2": 1
    },
    {
      "Item1": "Roar",
      "Item2": 1
    },
    {
      "Item1": "Tail Whip",
      "Item2": 1
    }
  ],
  "Jigglypuff": [
    {
      "Item1": "Sing",
      "Item2": 1
    },
    {
      "Item1": "Pound",
      "Item2": 9
    },
    {
      "Item1": "Disable",
      "Item2": 14
    },
    {
      "Item1": "Defense Curl",
      "Item2": 19
    },
    {
      "Item1": "Doubleslap",
      "Item2": 24
    },
    {
      "Item1": "Rest",
      "Item2": 29
    },
    {
      "Item1": "Body Slam",
      "Item2": 34
    },
    {
      "Item1": "Double-Edge",
      "Item2": 39
    }
  ],
  "Wigglytuff": [
    {
      "Item1": "Defense Curl",
      "Item2": 1
    },
    {
      "Item1": "Disable",
      "Item2": 1
    },
    {
      "Item1": "Doubleslap",
      "Item2": 1
    },
    {
      "Item1": "Sing",
      "Item2": 1
    }
  ],
  "Zubat": [
    {
      "Item1": "Leech Life",
      "Item2": 1
    },
    {
      "Item1": "Supersonic",
      "Item2": 10
    },
    {
      "Item1": "Bite",
      "Item2": 15
    },
    {
      "Item1": "Confuse Ray",
      "Item2": 21
    },
    {
      "Item1": "Wing Attack",
      "Item2": 28
    },
    {
      "Item1": "Haze",
      "Item2": 36
    }
  ],
  "Golbat": [
    {
      "Item1": "Leech Life",
      "Item2": 1
    },
    {
      "Item1": "Bite",
      "Item2": 1
    },
    {
      "Item1": "Screech",
      "Item2": 1
    },
    {
      "Item1": "Supersonic",
      "Item2": 10
    },
    {
      "Item1": "Bite",
      "Item2": 15
    },
    {
      "Item1": "Confuse Ray",
      "Item2": 21
    },
    {
      "Item1": "Wing Attack",
      "Item2": 32
    },
    {
      "Item1": "Haze",
      "Item2": 43
    }
  ],
  "Oddish": [
    {
      "Item1": "Absorb",
      "Item2": 1
    },
    {
      "Item1": "Poisonpowder",
      "Item2": 15
    },
    {
      "Item1": "Stun Spore",
      "Item2": 17
    },
    {
      "Item1": "Sleep Powder",
      "Item2": 19
    },
    {
      "Item1": "Acid",
      "Item2": 24
    },
    {
      "Item1": "Petal Dance",
      "Item2": 33
    },
    {
      "Item1": "Solarbeam",
      "Item2": 46
    }
  ],
  "Gloom": [
    {
      "Item1": "Absorb",
      "Item2": 1
    },
    {
      "Item1": "Poisonpowder",
      "Item2": 1
    },
    {
      "Item1": "Stun Spore",
      "Item2": 1
    },
    {
      "Item1": "Poisonpowder",
      "Item2": 15
    },
    {
      "Item1": "Stun Spore",
      "Item2": 17
    },
    {
      "Item1": "Sleep Powder",
      "Item2": 19
    },
    {
      "Item1": "Acid",
      "Item2": 28
    },
    {
      "Item1": "Petal Dance",
      "Item2": 38
    },
    {
      "Item1": "Solarbeam",
      "Item2": 52
    }
  ],
  "Vileplume": [
    {
      "Item1": "Acid",
      "Item2": 1
    },
    {
      "Item1": "Petal Dance",
      "Item2": 1
    },
    {
      "Item1": "Sleep Powder",
      "Item2": 1
    },
    {
      "Item1": "Stun Spore",
      "Item2": 1
    },
    {
      "Item1": "Poisonpowder",
      "Item2": 15
    },
    {
      "Item1": "Stun Spore",
      "Item2": 17
    },
    {
      "Item1": "Sleep Powder",
      "Item2": 19
    }
  ],
  "Paras": [
    {
      "Item1": "Scratch",
      "Item2": 1
    },
    {
      "Item1": "Stun Spore",
      "Item2": 13
    },
    {
      "Item1": "Leech Life",
      "Item2": 20
    },
    {
      "Item1": "Spore",
      "Item2": 27
    },
    {
      "Item1": "Slash",
      "Item2": 34
    },
    {
      "Item1": "Growth",
      "Item2": 41
    }
  ],
  "Parasect": [
    {
      "Item1": "Leech Life",
      "Item2": 1
    },
    {
      "Item1": "Scratch",
      "Item2": 1
    },
    {
      "Item1": "Stun Spore",
      "Item2": 1
    },
    {
      "Item1": "Stun Spore",
      "Item2": 13
    },
    {
      "Item1": "Leech Life",
      "Item2": 20
    },
    {
      "Item1": "Spore",
      "Item2": 30
    },
    {
      "Item1": "Slash",
      "Item2": 39
    },
    {
      "Item1": "Growth",
      "Item2": 48
    }
  ],
  "Venonat": [
    {
      "Item1": "Disable",
      "Item2": 1
    },
    {
      "Item1": "Tackle",
      "Item2": 1
    },
    {
      "Item1": "Poisonpowder",
      "Item2": 24
    },
    {
      "Item1": "Leech Life",
      "Item2": 27
    },
    {
      "Item1": "Stun Spore",
      "Item2": 30
    },
    {
      "Item1": "Psybeam",
      "Item2": 35
    },
    {
      "Item1": "Sleep Powder",
      "Item2": 38
    },
    {
      "Item1": "Psychic",
      "Item2": 43
    }
  ],
  "Venomoth": [
    {
      "Item1": "Disable",
      "Item2": 1
    },
    {
      "Item1": "Leech Life",
      "Item2": 1
    },
    {
      "Item1": "Poisonpowder",
      "Item2": 1
    },
    {
      "Item1": "Tackle",
      "Item2": 1
    },
    {
      "Item1": "Poisonpowder",
      "Item2": 24
    },
    {
      "Item1": "Leech Life",
      "Item2": 27
    },
    {
      "Item1": "Stun Spore",
      "Item2": 30
    },
    {
      "Item1": "Psybeam",
      "Item2": 38
    },
    {
      "Item1": "Sleep Powder",
      "Item2": 43
    },
    {
      "Item1": "Psychic",
      "Item2": 50
    }
  ],
  "Diglett": [
    {
      "Item1": "Scratch",
      "Item2": 1
    },
    {
      "Item1": "Growl",
      "Item2": 15
    },
    {
      "Item1": "Dig",
      "Item2": 19
    },
    {
      "Item1": "Sand-Attack",
      "Item2": 24
    },
    {
      "Item1": "Slash",
      "Item2": 31
    },
    {
      "Item1": "Earthquake",
      "Item2": 40
    }
  ],
  "Dugtrio": [
    {
      "Item1": "Dig",
      "Item2": 1
    },
    {
      "Item1": "Growl",
      "Item2": 1
    },
    {
      "Item1": "Scratch",
      "Item2": 1
    },
    {
      "Item1": "Growl",
      "Item2": 15
    },
    {
      "Item1": "Dig",
      "Item2": 19
    },
    {
      "Item1": "Sand-Attack",
      "Item2": 24
    },
    {
      "Item1": "Slash",
      "Item2": 35
    },
    {
      "Item1": "Earthquake",
      "Item2": 47
    }
  ],
  "Meowth": [
    {
      "Item1": "Growl",
      "Item2": 1
    },
    {
      "Item1": "Scratch",
      "Item2": 1
    },
    {
      "Item1": "Bite",
      "Item2": 12
    },
    {
      "Item1": "Pay Day",
      "Item2": 17
    },
    {
      "Item1": "Screech",
      "Item2": 24
    },
    {
      "Item1": "Fury Swipes",
      "Item2": 33
    },
    {
      "Item1": "Slash",
      "Item2": 44
    }
  ],
  "Persian": [
    {
      "Item1": "Bite",
      "Item2": 1
    },
    {
      "Item1": "Growl",
      "Item2": 1
    },
    {
      "Item1": "Scratch",
      "Item2": 1
    },
    {
      "Item1": "Screech",
      "Item2": 1
    },
    {
      "Item1": "Bite",
      "Item2": 12
    },
    {
      "Item1": "Pay Day",
      "Item2": 17
    },
    {
      "Item1": "Screech",
      "Item2": 24
    },
    {
      "Item1": "Fury Swipes",
      "Item2": 37
    },
    {
      "Item1": "Slash",
      "Item2": 51
    }
  ],
  "Psyduck": [
    {
      "Item1": "Scratch",
      "Item2": 1
    },
    {
      "Item1": "Tail Whip",
      "Item2": 28
    },
    {
      "Item1": "Disable",
      "Item2": 31
    },
    {
      "Item1": "Confusion",
      "Item2": 36
    },
    {
      "Item1": "Fury Swipes",
      "Item2": 43
    },
    {
      "Item1": "Hydro Pump",
      "Item2": 52
    }
  ],
  "Golduck": [
    {
      "Item1": "Disable",
      "Item2": 1
    },
    {
      "Item1": "Scratch",
      "Item2": 1
    },
    {
      "Item1": "Tail Whip",
      "Item2": 1
    },
    {
      "Item1": "Tail Whip",
      "Item2": 28
    },
    {
      "Item1": "Disable",
      "Item2": 31
    },
    {
      "Item1": "Confusion",
      "Item2": 39
    },
    {
      "Item1": "Fury Swipes",
      "Item2": 48
    },
    {
      "Item1": "Hydro Pump",
      "Item2": 59
    }
  ],
  "Mankey": [
    {
      "Item1": "Leer",
      "Item2": 1
    },
    {
      "Item1": "Scratch",
      "Item2": 1
    },
    {
      "Item1": "Karate Chop",
      "Item2": 15
    },
    {
      "Item1": "Fury Swipes",
      "Item2": 21
    },
    {
      "Item1": "Focus Energy",
      "Item2": 27
    },
    {
      "Item1": "Seismic Toss",
      "Item2": 33
    },
    {
      "Item1": "Thrash",
      "Item2": 39
    }
  ],
  "Primeape": [
    {
      "Item1": "Fury Swipes",
      "Item2": 1
    },
    {
      "Item1": "Karate Chop",
      "Item2": 1
    },
    {
      "Item1": "Leer",
      "Item2": 1
    },
    {
      "Item1": "Scratch",
      "Item2": 1
    },
    {
      "Item1": "Karate Chop",
      "Item2": 15
    },
    {
      "Item1": "Fury Swipes",
      "Item2": 21
    },
    {
      "Item1": "Focus Energy",
      "Item2": 27
    },
    {
      "Item1": "Seismic Toss",
      "Item2": 37
    },
    {
      "Item1": "Thrash",
      "Item2": 46
    }
  ],
  "Growlithe": [
    {
      "Item1": "Bite",
      "Item2": 1
    },
    {
      "Item1": "Roar",
      "Item2": 1
    },
    {
      "Item1": "Ember",
      "Item2": 18
    },
    {
      "Item1": "Leer",
      "Item2": 23
    },
    {
      "Item1": "Take Down",
      "Item2": 30
    },
    {
      "Item1": "Agility",
      "Item2": 39
    },
    {
      "Item1": "Flamethrower",
      "Item2": 50
    }
  ],
  "Arcanine": [
    {
      "Item1": "Ember",
      "Item2": 1
    },
    {
      "Item1": "Leer",
      "Item2": 1
    },
    {
      "Item1": "Roar",
      "Item2": 1
    },
    {
      "Item1": "Take Down",
      "Item2": 1
    }
  ],
  "Poliwag": [
    {
      "Item1": "Bubble",
      "Item2": 1
    },
    {
      "Item1": "Hypnosis",
      "Item2": 16
    },
    {
      "Item1": "Water Gun",
      "Item2": 19
    },
    {
      "Item1": "Doubleslap",
      "Item2": 25
    },
    {
      "Item1": "Body Slam",
      "Item2": 31
    },
    {
      "Item1": "Amnesia",
      "Item2": 38
    },
    {
      "Item1": "Hydro Pump",
      "Item2": 45
    }
  ],
  "Poliwhirl": [
    {
      "Item1": "Bubble",
      "Item2": 1
    },
    {
      "Item1": "Hypnosis",
      "Item2": 1
    },
    {
      "Item1": "Water Gun",
      "Item2": 1
    },
    {
      "Item1": "Hypnosis",
      "Item2": 16
    },
    {
      "Item1": "Water Gun",
      "Item2": 19
    },
    {
      "Item1": "Doubleslap",
      "Item2": 26
    },
    {
      "Item1": "Body Slam",
      "Item2": 33
    },
    {
      "Item1": "Amnesia",
      "Item2": 41
    },
    {
      "Item1": "Hydro Pump",
      "Item2": 49
    }
  ],
  "Poliwrath": [
    {
      "Item1": "Body Slam",
      "Item2": 1
    },
    {
      "Item1": "Doubleslap",
      "Item2": 1
    },
    {
      "Item1": "Hypnosis",
      "Item2": 1
    },
    {
      "Item1": "Water Gun",
      "Item2": 1
    },
    {
      "Item1": "Hypnosis",
      "Item2": 16
    },
    {
      "Item1": "Water Gun",
      "Item2": 19
    }
  ],
  "Abra": [
    {
      "Item1": "Teleport",
      "Item2": 1
    }
  ],
  "Kadabra": [
    {
      "Item1": "Confusion",
      "Item2": 1
    },
    {
      "Item1": "Disable",
      "Item2": 1
    },
    {
      "Item1": "Teleport",
      "Item2": 1
    },
    {
      "Item1": "Confusion",
      "Item2": 16
    },
    {
      "Item1": "Disable",
      "Item2": 20
    },
    {
      "Item1": "Psybeam",
      "Item2": 27
    },
    {
      "Item1": "Recover",
      "Item2": 31
    },
    {
      "Item1": "Psychic",
      "Item2": 38
    },
    {
      "Item1": "Reflect",
      "Item2": 42
    }
  ],
  "Alakazam": [
    {
      "Item1": "Confusion",
      "Item2": 1
    },
    {
      "Item1": "Disable",
      "Item2": 1
    },
    {
      "Item1": "Teleport",
      "Item2": 1
    },
    {
      "Item1": "Confusion",
      "Item2": 16
    },
    {
      "Item1": "Disable",
      "Item2": 20
    },
    {
      "Item1": "Psybeam",
      "Item2": 27
    },
    {
      "Item1": "Recover",
      "Item2": 31
    },
    {
      "Item1": "Psychic",
      "Item2": 38
    },
    {
      "Item1": "Reflect",
      "Item2": 42
    }
  ],
  "Machop": [
    {
      "Item1": "Karate Chop",
      "Item2": 1
    },
    {
      "Item1": "Low Kick",
      "Item2": 20
    },
    {
      "Item1": "Leer",
      "Item2": 25
    },
    {
      "Item1": "Focus Energy",
      "Item2": 32
    },
    {
      "Item1": "Seismic Toss",
      "Item2": 39
    },
    {
      "Item1": "Submission",
      "Item2": 46
    }
  ],
  "Machoke": [
    {
      "Item1": "Karate Chop",
      "Item2": 1
    },
    {
      "Item1": "Leer",
      "Item2": 1
    },
    {
      "Item1": "Low Kick",
      "Item2": 1
    },
    {
      "Item1": "Low Kick",
      "Item2": 20
    },
    {
      "Item1": "Leer",
      "Item2": 25
    },
    {
      "Item1": "Focus Energy",
      "Item2": 36
    },
    {
      "Item1": "Seismic Toss",
      "Item2": 44
    },
    {
      "Item1": "Submission",
      "Item2": 52
    }
  ],
  "Machamp": [
    {
      "Item1": "Karate Chop",
      "Item2": 1
    },
    {
      "Item1": "Leer",
      "Item2": 1
    },
    {
      "Item1": "Low Kick",
      "Item2": 1
    },
    {
      "Item1": "Low Kick",
      "Item2": 20
    },
    {
      "Item1": "Leer",
      "Item2": 25
    },
    {
      "Item1": "Focus Energy",
      "Item2": 36
    },
    {
      "Item1": "Seismic Toss",
      "Item2": 44
    },
    {
      "Item1": "Submission",
      "Item2": 52
    }
  ],
  "Bellsprout": [
    {
      "Item1": "Growth",
      "Item2": 1
    },
    {
      "Item1": "Vine Whip",
      "Item2": 1
    },
    {
      "Item1": "Wrap",
      "Item2": 13
    },
    {
      "Item1": "Poisonpowder",
      "Item2": 15
    },
    {
      "Item1": "Sleep Powder",
      "Item2": 18
    },
    {
      "Item1": "Stun Spore",
      "Item2": 21
    },
    {
      "Item1": "Acid",
      "Item2": 26
    },
    {
      "Item1": "Razor Leaf",
      "Item2": 33
    },
    {
      "Item1": "Slam",
      "Item2": 42
    }
  ],
  "Weepinbell": [
    {
      "Item1": "Growth",
      "Item2": 1
    },
    {
      "Item1": "Vine Whip",
      "Item2": 1
    },
    {
      "Item1": "Wrap",
      "Item2": 1
    },
    {
      "Item1": "Wrap",
      "Item2": 13
    },
    {
      "Item1": "Poisonpowder",
      "Item2": 15
    },
    {
      "Item1": "Sleep Powder",
      "Item2": 18
    },
    {
      "Item1": "Stun Spore",
      "Item2": 23
    },
    {
      "Item1": "Acid",
      "Item2": 29
    },
    {
      "Item1": "Razor Leaf",
      "Item2": 38
    },
    {
      "Item1": "Slam",
      "Item2": 49
    }
  ],
  "Victreebel": [
    {
      "Item1": "Acid",
      "Item2": 1
    },
    {
      "Item1": "Razor Leaf",
      "Item2": 1
    },
    {
      "Item1": "Sleep Powder",
      "Item2": 1
    },
    {
      "Item1": "Stun Spore",
      "Item2": 1
    },
    {
      "Item1": "Wrap",
      "Item2": 13
    },
    {
      "Item1": "Poisonpowder",
      "Item2": 15
    },
    {
      "Item1": "Sleep Powder",
      "Item2": 18
    }
  ],
  "Tentacool": [
    {
      "Item1": "Acid",
      "Item2": 1
    },
    {
      "Item1": "Supersonic",
      "Item2": 7
    },
    {
      "Item1": "Wrap",
      "Item2": 13
    },
    {
      "Item1": "Poison Sting",
      "Item2": 18
    },
    {
      "Item1": "Water Gun",
      "Item2": 22
    },
    {
      "Item1": "Constrict",
      "Item2": 27
    },
    {
      "Item1": "Barrier",
      "Item2": 33
    },
    {
      "Item1": "Screech",
      "Item2": 40
    },
    {
      "Item1": "Hydro Pump",
      "Item2": 48
    }
  ],
  "Tentacruel": [
    {
      "Item1": "Acid",
      "Item2": 1
    },
    {
      "Item1": "Wrap",
      "Item2": 1
    },
    {
      "Item1": "Supersonic",
      "Item2": 1
    },
    {
      "Item1": "Supersonic",
      "Item2": 7
    },
    {
      "Item1": "Wrap",
      "Item2": 13
    },
    {
      "Item1": "Poison Sting",
      "Item2": 18
    },
    {
      "Item1": "Water Gun",
      "Item2": 22
    },
    {
      "Item1": "Constrict",
      "Item2": 27
    },
    {
      "Item1": "Barrier",
      "Item2": 35
    },
    {
      "Item1": "Screech",
      "Item2": 43
    },
    {
      "Item1": "Hydro Pump",
      "Item2": 50
    }
  ],
  "Geodude": [
    {
      "Item1": "Tackle",
      "Item2": 1
    },
    {
      "Item1": "Defense Curl",
      "Item2": 11
    },
    {
      "Item1": "Rock Throw",
      "Item2": 16
    },
    {
      "Item1": "Selfdestruct",
      "Item2": 21
    },
    {
      "Item1": "Harden",
      "Item2": 26
    },
    {
      "Item1": "Earthquake",
      "Item2": 31
    },
    {
      "Item1": "Explosion",
      "Item2": 36
    }
  ],
  "Graveler": [
    {
      "Item1": "Defense Curl",
      "Item2": 1
    },
    {
      "Item1": "Tackle",
      "Item2": 1
    },
    {
      "Item1": "Defense Curl",
      "Item2": 11
    },
    {
      "Item1": "Rock Throw",
      "Item2": 16
    },
    {
      "Item1": "Selfdestruct",
      "Item2": 21
    },
    {
      "Item1": "Harden",
      "Item2": 29
    },
    {
      "Item1": "Earthquake",
      "Item2": 36
    },
    {
      "Item1": "Explosion",
      "Item2": 43
    }
  ],
  "Golem": [
    {
      "Item1": "Defense Curl",
      "Item2": 1
    },
    {
      "Item1": "Tackle",
      "Item2": 1
    },
    {
      "Item1": "Defense Curl",
      "Item2": 11
    },
    {
      "Item1": "Rock Throw",
      "Item2": 16
    },
    {
      "Item1": "Selfdestruct",
      "Item2": 21
    },
    {
      "Item1": "Harden",
      "Item2": 29
    },
    {
      "Item1": "Earthquake",
      "Item2": 36
    },
    {
      "Item1": "Explosion",
      "Item2": 43
    }
  ],
  "Ponyta": [
    {
      "Item1": "Ember",
      "Item2": 1
    },
    {
      "Item1": "Tail Whip",
      "Item2": 30
    },
    {
      "Item1": "Stomp",
      "Item2": 32
    },
    {
      "Item1": "Growl",
      "Item2": 35
    },
    {
      "Item1": "Fire Spin",
      "Item2": 39
    },
    {
      "Item1": "Take Down",
      "Item2": 43
    },
    {
      "Item1": "Agility",
      "Item2": 48
    }
  ],
  "Rapidash": [
    {
      "Item1": "Ember",
      "Item2": 1
    },
    {
      "Item1": "Growl",
      "Item2": 1
    },
    {
      "Item1": "Stomp",
      "Item2": 1
    },
    {
      "Item1": "Tail Whip",
      "Item2": 1
    },
    {
      "Item1": "Tail Whip",
      "Item2": 30
    },
    {
      "Item1": "Stomp",
      "Item2": 32
    },
    {
      "Item1": "Growl",
      "Item2": 35
    },
    {
      "Item1": "Fire Spin",
      "Item2": 39
    },
    {
      "Item1": "Take Down",
      "Item2": 47
    },
    {
      "Item1": "Agility",
      "Item2": 55
    }
  ],
  "Slowpoke": [
    {
      "Item1": "Confusion",
      "Item2": 1
    },
    {
      "Item1": "Disable",
      "Item2": 18
    },
    {
      "Item1": "Headbutt",
      "Item2": 22
    },
    {
      "Item1": "Growl",
      "Item2": 27
    },
    {
      "Item1": "Water Gun",
      "Item2": 33
    },
    {
      "Item1": "Amnesia",
      "Item2": 40
    },
    {
      "Item1": "Psychic",
      "Item2": 48
    }
  ],
  "Slowbro": [
    {
      "Item1": "Confusion",
      "Item2": 1
    },
    {
      "Item1": "Disable",
      "Item2": 1
    },
    {
      "Item1": "Headbutt",
      "Item2": 1
    },
    {
      "Item1": "Disable",
      "Item2": 18
    },
    {
      "Item1": "Headbutt",
      "Item2": 22
    },
    {
      "Item1": "Growl",
      "Item2": 27
    },
    {
      "Item1": "Water Gun",
      "Item2": 33
    },
    {
      "Item1": "Withdraw",
      "Item2": 37
    },
    {
      "Item1": "Amnesia",
      "Item2": 44
    },
    {
      "Item1": "Psychic",
      "Item2": 55
    }
  ],
  "Magnemite": [
    {
      "Item1": "Tackle",
      "Item2": 1
    },
    {
      "Item1": "Sonicboom",
      "Item2": 21
    },
    {
      "Item1": "Thundershock",
      "Item2": 25
    },
    {
      "Item1": "Supersonic",
      "Item2": 29
    },
    {
      "Item1": "Thunder Wave",
      "Item2": 35
    },
    {
      "Item1": "Swift",
      "Item2": 41
    },
    {
      "Item1": "Screech",
      "Item2": 47
    }
  ],
  "Magneton": [
    {
      "Item1": "Sonicboom",
      "Item2": 1
    },
    {
      "Item1": "Tackle",
      "Item2": 1
    },
    {
      "Item1": "Thundershock",
      "Item2": 1
    },
    {
      "Item1": "Sonicboom",
      "Item2": 21
    },
    {
      "Item1": "Thundershock",
      "Item2": 25
    },
    {
      "Item1": "Supersonic",
      "Item2": 29
    },
    {
      "Item1": "Thunder Wave",
      "Item2": 38
    },
    {
      "Item1": "Swift",
      "Item2": 46
    },
    {
      "Item1": "Screech",
      "Item2": 54
    }
  ],
  "Farfetch'd": [
    {
      "Item1": "Peck",
      "Item2": 1
    },
    {
      "Item1": "Sand-Attack",
      "Item2": 1
    },
    {
      "Item1": "Leer",
      "Item2": 7
    },
    {
      "Item1": "Fury Attack",
      "Item2": 15
    },
    {
      "Item1": "Swords Dance",
      "Item2": 23
    },
    {
      "Item1": "Agility",
      "Item2": 31
    },
    {
      "Item1": "Slash",
      "Item2": 39
    }
  ],
  "Doduo": [
    {
      "Item1": "Peck",
      "Item2": 1
    },
    {
      "Item1": "Growl",
      "Item2": 20
    },
    {
      "Item1": "Fury Attack",
      "Item2": 24
    },
    {
      "Item1": "Drill Peck",
      "Item2": 30
    },
    {
      "Item1": "Rage",
      "Item2": 36
    },
    {
      "Item1": "Tri Attack",
      "Item2": 40
    },
    {
      "Item1": "Agility",
      "Item2": 44
    }
  ],
  "Dodrio": [
    {
      "Item1": "Fury Attack",
      "Item2": 1
    },
    {
      "Item1": "Growl",
      "Item2": 1
    },
    {
      "Item1": "Peck",
      "Item2": 1
    },
    {
      "Item1": "Growl",
      "Item2": 20
    },
    {
      "Item1": "Fury Attack",
      "Item2": 24
    },
    {
      "Item1": "Drill Peck",
      "Item2": 30
    },
    {
      "Item1": "Rage",
      "Item2": 39
    },
    {
      "Item1": "Tri Attack",
      "Item2": 45
    },
    {
      "Item1": "Agility",
      "Item2": 51
    }
  ],
  "Seel": [
    {
      "Item1": "Headbutt",
      "Item2": 1
    },
    {
      "Item1": "Growl",
      "Item2": 30
    },
    {
      "Item1": "Aurora Beam",
      "Item2": 35
    },
    {
      "Item1": "Rest",
      "Item2": 40
    },
    {
      "Item1": "Take Down",
      "Item2": 45
    },
    {
      "Item1": "Ice Beam",
      "Item2": 50
    }
  ],
  "Dewgong": [
    {
      "Item1": "Aurora Beam",
      "Item2": 1
    },
    {
      "Item1": "Growl",
      "Item2": 1
    },
    {
      "Item1": "Headbutt",
      "Item2": 1
    },
    {
      "Item1": "Growl",
      "Item2": 30
    },
    {
      "Item1": "Aurora Beam",
      "Item2": 35
    },
    {
      "Item1": "Rest",
      "Item2": 44
    },
    {
      "Item1": "Take Down",
      "Item2": 50
    },
    {
      "Item1": "Ice Beam",
      "Item2": 56
    }
  ],
  "Grimer": [
    {
      "Item1": "Disable",
      "Item2": 1
    },
    {
      "Item1": "Pound",
      "Item2": 1
    },
    {
      "Item1": "Poison Gas",
      "Item2": 30
    },
    {
      "Item1": "Minimize",
      "Item2": 33
    },
    {
      "Item1": "Sludge",
      "Item2": 37
    },
    {
      "Item1": "Harden",
      "Item2": 42
    },
    {
      "Item1": "Screech",
      "Item2": 48
    },
    {
      "Item1": "Acid Armor",
      "Item2": 55
    }
  ],
  "Muk": [
    {
      "Item1": "Disable",
      "Item2": 1
    },
    {
      "Item1": "Poison Gas",
      "Item2": 1
    },
    {
      "Item1": "Pound",
      "Item2": 1
    },
    {
      "Item1": "Poison Gas",
      "Item2": 30
    },
    {
      "Item1": "Minimize",
      "Item2": 33
    },
    {
      "Item1": "Sludge",
      "Item2": 37
    },
    {
      "Item1": "Harden",
      "Item2": 45
    },
    {
      "Item1": "Screech",
      "Item2": 53
    },
    {
      "Item1": "Acid Armor",
      "Item2": 60
    }
  ],
  "Shellder": [
    {
      "Item1": "Tackle",
      "Item2": 1
    },
    {
      "Item1": "Withdraw",
      "Item2": 1
    },
    {
      "Item1": "Supersonic",
      "Item2": 18
    },
    {
      "Item1": "Clamp",
      "Item2": 23
    },
    {
      "Item1": "Aurora Beam",
      "Item2": 30
    },
    {
      "Item1": "Leer",
      "Item2": 39
    },
    {
      "Item1": "Ice Beam",
      "Item2": 50
    }
  ],
  "Cloyster": [
    {
      "Item1": "Aurora Beam",
      "Item2": 1
    },
    {
      "Item1": "Clamp",
      "Item2": 1
    },
    {
      "Item1": "Supersonic",
      "Item2": 1
    },
    {
      "Item1": "Withdraw",
      "Item2": 1
    },
    {
      "Item1": "Spike Cannon",
      "Item2": 50
    }
  ],
  "Gastly": [
    {
      "Item1": "Confuse Ray",
      "Item2": 1
    },
    {
      "Item1": "Lick",
      "Item2": 1
    },
    {
      "Item1": "Night Shade",
      "Item2": 1
    },
    {
      "Item1": "Hypnosis",
      "Item2": 27
    },
    {
      "Item1": "Dream Eater",
      "Item2": 35
    }
  ],
  "Haunter": [
    {
      "Item1": "Confuse Ray",
      "Item2": 1
    },
    {
      "Item1": "Lick",
      "Item2": 1
    },
    {
      "Item1": "Night Shade",
      "Item2": 1
    },
    {
      "Item1": "Hypnosis",
      "Item2": 29
    },
    {
      "Item1": "Dream Eater",
      "Item2": 38
    }
  ],
  "Gengar": [
    {
      "Item1": "Confuse Ray",
      "Item2": 1
    },
    {
      "Item1": "Lick",
      "Item2": 1
    },
    {
      "Item1": "Night Shade",
      "Item2": 1
    },
    {
      "Item1": "Hypnosis",
      "Item2": 29
    },
    {
      "Item1": "Dream Eater",
      "Item2": 38
    }
  ],
  "Onix": [
    {
      "Item1": "Screech",
      "Item2": 1
    },
    {
      "Item1": "Tackle",
      "Item2": 1
    },
    {
      "Item1": "Bind",
      "Item2": 15
    },
    {
      "Item1": "Rock Throw",
      "Item2": 19
    },
    {
      "Item1": "Rage",
      "Item2": 25
    },
    {
      "Item1": "Slam",
      "Item2": 33
    },
    {
      "Item1": "Harden",
      "Item2": 43
    }
  ],
  "Drowzee": [
    {
      "Item1": "Hypnosis",
      "Item2": 1
    },
    {
      "Item1": "Pound",
      "Item2": 1
    },
    {
      "Item1": "Disable",
      "Item2": 12
    },
    {
      "Item1": "Confusion",
      "Item2": 17
    },
    {
      "Item1": "Headbutt",
      "Item2": 24
    },
    {
      "Item1": "Poison Gas",
      "Item2": 29
    },
    {
      "Item1": "Psychic",
      "Item2": 32
    },
    {
      "Item1": "Meditate",
      "Item2": 37
    }
  ],
  "Hypno": [
    {
      "Item1": "Confusion",
      "Item2": 1
    },
    {
      "Item1": "Disable",
      "Item2": 1
    },
    {
      "Item1": "Hypnosis",
      "Item2": 1
    },
    {
      "Item1": "Pound",
      "Item2": 1
    },
    {
      "Item1": "Disable",
      "Item2": 12
    },
    {
      "Item1": "Confusion",
      "Item2": 17
    },
    {
      "Item1": "Headbutt",
      "Item2": 24
    },
    {
      "Item1": "Poison Gas",
      "Item2": 29
    },
    {
      "Item1": "Psychic",
      "Item2": 32
    },
    {
      "Item1": "Meditate",
      "Item2": 37
    }
  ],
  "Krabby": [
    {
      "Item1": "Bubble",
      "Item2": 1
    },
    {
      "Item1": "Leer",
      "Item2": 1
    },
    {
      "Item1": "Vicegrip",
      "Item2": 20
    },
    {
      "Item1": "Guillotine",
      "Item2": 25
    },
    {
      "Item1": "Stomp",
      "Item2": 30
    },
    {
      "Item1": "Crabhammer",
      "Item2": 35
    },
    {
      "Item1": "Harden",
      "Item2": 40
    }
  ],
  "Kingler": [
    {
      "Item1": "Bubble",
      "Item2": 1
    },
    {
      "Item1": "Leer",
      "Item2": 1
    },
    {
      "Item1": "Vicegrip",
      "Item2": 1
    },
    {
      "Item1": "Vicegrip",
      "Item2": 20
    },
    {
      "Item1": "Guillotine",
      "Item2": 25
    },
    {
      "Item1": "Stomp",
      "Item2": 34
    },
    {
      "Item1": "Crabhammer",
      "Item2": 42
    },
    {
      "Item1": "Harden",
      "Item2": 49
    }
  ],
  "Voltorb": [
    {
      "Item1": "Screech",
      "Item2": 1
    },
    {
      "Item1": "Tackle",
      "Item2": 1
    },
    {
      "Item1": "Sonicboom",
      "Item2": 17
    },
    {
      "Item1": "Selfdestruct",
      "Item2": 22
    },
    {
      "Item1": "Light Screen",
      "Item2": 29
    },
    {
      "Item1": "Swift",
      "Item2": 36
    },
    {
      "Item1": "Explosion",
      "Item2": 43
    }
  ],
  "Electrode": [
    {
      "Item1": "Screech",
      "Item2": 1
    },
    {
      "Item1": "Sonicboom",
      "Item2": 1
    },
    {
      "Item1": "Tackle",
      "Item2": 1
    },
    {
      "Item1": "Sonicboom",
      "Item2": 17
    },
    {
      "Item1": "Selfdestruct",
      "Item2": 22
    },
    {
      "Item1": "Light Screen",
      "Item2": 29
    },
    {
      "Item1": "Swift",
      "Item2": 40
    },
    {
      "Item1": "Explosion",
      "Item2": 50
    }
  ],
  "Exeggcute": [
    {
      "Item1": "Barrage",
      "Item2": 1
    },
    {
      "Item1": "Hypnosis",
      "Item2": 1
    },
    {
      "Item1": "Reflect",
      "Item2": 25
    },
    {
      "Item1": "Leech Seed",
      "Item2": 28
    },
    {
      "Item1": "Stun Spore",
      "Item2": 32
    },
    {
      "Item1": "Poisonpowder",
      "Item2": 37
    },
    {
      "Item1": "Solarbeam",
      "Item2": 42
    },
    {
      "Item1": "Sleep Powder",
      "Item2": 48
    }
  ],
  "Exeggutor": [
    {
      "Item1": "Barrage",
      "Item2": 1
    },
    {
      "Item1": "Hypnosis",
      "Item2": 1
    },
    {
      "Item1": "Stomp",
      "Item2": 28
    }
  ],
  "Cubone": [
    {
      "Item1": "Bone Club",
      "Item2": 1
    },
    {
      "Item1": "Growl",
      "Item2": 1
    },
    {
      "Item1": "Leer",
      "Item2": 25
    },
    {
      "Item1": "Focus Energy",
      "Item2": 31
    },
    {
      "Item1": "Thrash",
      "Item2": 38
    },
    {
      "Item1": "Bonemerang",
      "Item2": 43
    },
    {
      "Item1": "Rage",
      "Item2": 46
    }
  ],
  "Marowak": [
    {
      "Item1": "Bone Club",
      "Item2": 1
    },
    {
      "Item1": "Growl",
      "Item2": 1
    },
    {
      "Item1": "Leer",
      "Item2": 25
    },
    {
      "Item1": "Focus Energy",
      "Item2": 31
    },
    {
      "Item1": "Thrash",
      "Item2": 38
    },
    {
      "Item1": "Bonemerang",
      "Item2": 43
    },
    {
      "Item1": "Rage",
      "Item2": 46
    }
  ],
  "Hitmonlee": [
    {
      "Item1": "Double Kick",
      "Item2": 1
    },
    {
      "Item1": "Meditate",
      "Item2": 1
    },
    {
      "Item1": "Rolling Kick",
      "Item2": 33
    },
    {
      "Item1": "Jump Kick",
      "Item2": 38
    },
    {
      "Item1": "Focus Energy",
      "Item2": 43
    },
    {
      "Item1": "Hi Jump Kick",
      "Item2": 48
    },
    {
      "Item1": "Mega Kick",
      "Item2": 53
    }
  ],
  "Hitmonchan": [
    {
      "Item1": "Agility",
      "Item2": 1
    },
    {
      "Item1": "Comet Punch",
      "Item2": 1
    },
    {
      "Item1": "Fire Punch",
      "Item2": 33
    },
    {
      "Item1": "Ice Punch",
      "Item2": 38
    },
    {
      "Item1": "Thunderpunch",
      "Item2": 43
    },
    {
      "Item1": "Mega Punch",
      "Item2": 48
    },
    {
      "Item1": "Counter",
      "Item2": 53
    }
  ],
  "Lickitung": [
    {
      "Item1": "Supersonic",
      "Item2": 1
    },
    {
      "Item1": "Wrap",
      "Item2": 1
    },
    {
      "Item1": "Stomp",
      "Item2": 7
    },
    {
      "Item1": "Disable",
      "Item2": 15
    },
    {
      "Item1": "Defense Curl",
      "Item2": 23
    },
    {
      "Item1": "Slam",
      "Item2": 31
    },
    {
      "Item1": "Screech",
      "Item2": 39
    }
  ],
  "Koffing": [
    {
      "Item1": "Smog",
      "Item2": 1
    },
    {
      "Item1": "Tackle",
      "Item2": 1
    },
    {
      "Item1": "Sludge",
      "Item2": 32
    },
    {
      "Item1": "Smokescreen",
      "Item2": 37
    },
    {
      "Item1": "Selfdestruct",
      "Item2": 40
    },
    {
      "Item1": "Haze",
      "Item2": 45
    },
    {
      "Item1": "Explosion",
      "Item2": 48
    }
  ],
  "Weezing": [
    {
      "Item1": "Sludge",
      "Item2": 1
    },
    {
      "Item1": "Smog",
      "Item2": 1
    },
    {
      "Item1": "Tackle",
      "Item2": 1
    },
    {
      "Item1": "Sludge",
      "Item2": 32
    },
    {
      "Item1": "Smokescreen",
      "Item2": 39
    },
    {
      "Item1": "Selfdestruct",
      "Item2": 43
    },
    {
      "Item1": "Haze",
      "Item2": 49
    },
    {
      "Item1": "Explosion",
      "Item2": 53
    }
  ],
  "Rhyhorn": [
    {
      "Item1": "Horn Attack",
      "Item2": 1
    },
    {
      "Item1": "Stomp",
      "Item2": 30
    },
    {
      "Item1": "Tail Whip",
      "Item2": 35
    },
    {
      "Item1": "Fury Attack",
      "Item2": 40
    },
    {
      "Item1": "Horn Drill",
      "Item2": 45
    },
    {
      "Item1": "Leer",
      "Item2": 50
    },
    {
      "Item1": "Take Down",
      "Item2": 55
    }
  ],
  "Rhydon": [
    {
      "Item1": "Fury Attack",
      "Item2": 1
    },
    {
      "Item1": "Horn Attack",
      "Item2": 1
    },
    {
      "Item1": "Stomp",
      "Item2": 1
    },
    {
      "Item1": "Tail Whip",
      "Item2": 1
    },
    {
      "Item1": "Stomp",
      "Item2": 30
    },
    {
      "Item1": "Tail Whip",
      "Item2": 35
    },
    {
      "Item1": "Fury Attack",
      "Item2": 40
    },
    {
      "Item1": "Horn Drill",
      "Item2": 48
    },
    {
      "Item1": "Leer",
      "Item2": 55
    },
    {
      "Item1": "Take Down",
      "Item2": 64
    }
  ],
  "Chansey": [
    {
      "Item1": "Doubleslap",
      "Item2": 1
    },
    {
      "Item1": "Pound",
      "Item2": 1
    },
    {
      "Item1": "Sing",
      "Item2": 24
    },
    {
      "Item1": "Growl",
      "Item2": 30
    },
    {
      "Item1": "Minimize",
      "Item2": 38
    },
    {
      "Item1": "Defense Curl",
      "Item2": 44
    },
    {
      "Item1": "Light Screen",
      "Item2": 48
    },
    {
      "Item1": "Double-Edge",
      "Item2": 54
    }
  ],
  "Tangela": [
    {
      "Item1": "Bind",
      "Item2": 1
    },
    {
      "Item1": "Constrict",
      "Item2": 1
    },
    {
      "Item1": "Absorb",
      "Item2": 29
    },
    {
      "Item1": "Poisonpowder",
      "Item2": 32
    },
    {
      "Item1": "Stun Spore",
      "Item2": 36
    },
    {
      "Item1": "Sleep Powder",
      "Item2": 39
    },
    {
      "Item1": "Slam",
      "Item2": 45
    },
    {
      "Item1": "Growth",
      "Item2": 49
    }
  ],
  "Kangaskhan": [
    {
      "Item1": "Comet Punch",
      "Item2": 1
    },
    {
      "Item1": "Rage",
      "Item2": 1
    },
    {
      "Item1": "Bite",
      "Item2": 26
    },
    {
      "Item1": "Tail Whip",
      "Item2": 31
    },
    {
      "Item1": "Mega Punch",
      "Item2": 36
    },
    {
      "Item1": "Leer",
      "Item2": 41
    },
    {
      "Item1": "Dizzy Punch",
      "Item2": 46
    }
  ],
  "Horsea": [
    {
      "Item1": "Bubble",
      "Item2": 1
    },
    {
      "Item1": "Smokescreen",
      "Item2": 19
    },
    {
      "Item1": "Leer",
      "Item2": 24
    },
    {
      "Item1": "Water Gun",
      "Item2": 30
    },
    {
      "Item1": "Agility",
      "Item2": 37
    },
    {
      "Item1": "Hydro Pump",
      "Item2": 45
    }
  ],
  "Seadra": [
    {
      "Item1": "Bubble",
      "Item2": 1
    },
    {
      "Item1": "Smokescreen",
      "Item2": 1
    },
    {
      "Item1": "Smokescreen",
      "Item2": 19
    },
    {
      "Item1": "Leer",
      "Item2": 24
    },
    {
      "Item1": "Water Gun",
      "Item2": 30
    },
    {
      "Item1": "Agility",
      "Item2": 41
    },
    {
      "Item1": "Hydro Pump",
      "Item2": 52
    }
  ],
  "Goldeen": [
    {
      "Item1": "Peck",
      "Item2": 1
    },
    {
      "Item1": "Tail Whip",
      "Item2": 1
    },
    {
      "Item1": "Supersonic",
      "Item2": 19
    },
    {
      "Item1": "Horn Attack",
      "Item2": 24
    },
    {
      "Item1": "Fury Attack",
      "Item2": 30
    },
    {
      "Item1": "Waterfall",
      "Item2": 37
    },
    {
      "Item1": "Horn Drill",
      "Item2": 45
    },
    {
      "Item1": "Agility",
      "Item2": 54
    }
  ],
  "Seaking": [
    {
      "Item1": "Peck",
      "Item2": 1
    },
    {
      "Item1": "Supersonic",
      "Item2": 1
    },
    {
      "Item1": "Tail Whip",
      "Item2": 1
    },
    {
      "Item1": "Supersonic",
      "Item2": 19
    },
    {
      "Item1": "Horn Attack",
      "Item2": 24
    },
    {
      "Item1": "Fury Attack",
      "Item2": 30
    },
    {
      "Item1": "Waterfall",
      "Item2": 39
    },
    {
      "Item1": "Horn Drill",
      "Item2": 48
    },
    {
      "Item1": "Agility",
      "Item2": 54
    }
  ],
  "Staryu": [
    {
      "Item1": "Tackle",
      "Item2": 1
    },
    {
      "Item1": "Water Gun",
      "Item2": 17
    },
    {
      "Item1": "Harden",
      "Item2": 22
    },
    {
      "Item1": "Recover",
      "Item2": 27
    },
    {
      "Item1": "Swift",
      "Item2": 32
    },
    {
      "Item1": "Minimize",
      "Item2": 37
    },
    {
      "Item1": "Light Screen",
      "Item2": 42
    },
    {
      "Item1": "Hydro Pump",
      "Item2": 47
    }
  ],
  "Starmie": [
    {
      "Item1": "Harden",
      "Item2": 1
    },
    {
      "Item1": "Tackle",
      "Item2": 1
    },
    {
      "Item1": "Water Gun",
      "Item2": 1
    }
  ],
  "Mr. Mime": [
    {
      "Item1": "Barrier",
      "Item2": 1
    },
    {
      "Item1": "Confusion",
      "Item2": 1
    },
    {
      "Item1": "Confusion",
      "Item2": 15
    },
    {
      "Item1": "Light Screen",
      "Item2": 23
    },
    {
      "Item1": "Doubleslap",
      "Item2": 31
    },
    {
      "Item1": "Meditate",
      "Item2": 39
    },
    {
      "Item1": "Substitute",
      "Item2": 47
    }
  ],
  "Scyther": [
    {
      "Item1": "Quick Attack",
      "Item2": 1
    },
    {
      "Item1": "Leer",
      "Item2": 17
    },
    {
      "Item1": "Focus Energy",
      "Item2": 20
    },
    {
      "Item1": "Double Team",
      "Item2": 24
    },
    {
      "Item1": "Slash",
      "Item2": 29
    },
    {
      "Item1": "Swords Dance",
      "Item2": 35
    },
    {
      "Item1": "Agility",
      "Item2": 42
    }
  ],
  "Jynx": [
    {
      "Item1": "Lovely Kiss",
      "Item2": 1
    },
    {
      "Item1": "Pound",
      "Item2": 1
    },
    {
      "Item1": "Lick",
      "Item2": 18
    },
    {
      "Item1": "Doubleslap",
      "Item2": 23
    },
    {
      "Item1": "Ice Punch",
      "Item2": 31
    },
    {
      "Item1": "Body Slam",
      "Item2": 39
    },
    {
      "Item1": "Thrash",
      "Item2": 47
    },
    {
      "Item1": "Blizzard",
      "Item2": 58
    }
  ],
  "Electabuzz": [
    {
      "Item1": "Leer",
      "Item2": 1
    },
    {
      "Item1": "Quick Attack",
      "Item2": 1
    },
    {
      "Item1": "Thundershock",
      "Item2": 34
    },
    {
      "Item1": "Screech",
      "Item2": 37
    },
    {
      "Item1": "Thunderpunch",
      "Item2": 42
    },
    {
      "Item1": "Light Screen",
      "Item2": 49
    },
    {
      "Item1": "Thunder",
      "Item2": 54
    }
  ],
  "Magmar": [
    {
      "Item1": "Ember",
      "Item2": 1
    },
    {
      "Item1": "Leer",
      "Item2": 36
    },
    {
      "Item1": "Confuse Ray",
      "Item2": 39
    },
    {
      "Item1": "Fire Punch",
      "Item2": 43
    },
    {
      "Item1": "Smokescreen",
      "Item2": 48
    },
    {
      "Item1": "Smog",
      "Item2": 52
    },
    {
      "Item1": "Flamethrower",
      "Item2": 55
    }
  ],
  "Pinsir": [
    {
      "Item1": "Vicegrip",
      "Item2": 1
    },
    {
      "Item1": "Seismic Toss",
      "Item2": 25
    },
    {
      "Item1": "Guillotine",
      "Item2": 30
    },
    {
      "Item1": "Focus Energy",
      "Item2": 36
    },
    {
      "Item1": "Harden",
      "Item2": 43
    },
    {
      "Item1": "Slash",
      "Item2": 49
    },
    {
      "Item1": "Swords Dance",
      "Item2": 54
    }
  ],
  "Tauros": [
    {
      "Item1": "Tackle",
      "Item2": 1
    },
    {
      "Item1": "Stomp",
      "Item2": 21
    },
    {
      "Item1": "Tail Whip",
      "Item2": 28
    },
    {
      "Item1": "Leer",
      "Item2": 35
    },
    {
      "Item1": "Rage",
      "Item2": 44
    },
    {
      "Item1": "Take Down",
      "Item2": 51
    }
  ],
  "Magikarp": [
    {
      "Item1": "Splash",
      "Item2": 1
    },
    {
      "Item1": "Tackle",
      "Item2": 15
    }
  ],
  "Gyarados": [
    {
      "Item1": "Bite",
      "Item2": 1
    },
    {
      "Item1": "Dragon Rage",
      "Item2": 1
    },
    {
      "Item1": "Hydro Pump",
      "Item2": 1
    },
    {
      "Item1": "Leer",
      "Item2": 1
    },
    {
      "Item1": "Bite",
      "Item2": 20
    },
    {
      "Item1": "Dragon Rage",
      "Item2": 25
    },
    {
      "Item1": "Leer",
      "Item2": 32
    },
    {
      "Item1": "Hydro Pump",
      "Item2": 41
    },
    {
      "Item1": "Hyper Beam",
      "Item2": 52
    }
  ],
  "Lapras": [
    {
      "Item1": "Growl",
      "Item2": 1
    },
    {
      "Item1": "Water Gun",
      "Item2": 1
    },
    {
      "Item1": "Sing",
      "Item2": 16
    },
    {
      "Item1": "Mist",
      "Item2": 20
    },
    {
      "Item1": "Body Slam",
      "Item2": 25
    },
    {
      "Item1": "Confuse Ray",
      "Item2": 31
    },
    {
      "Item1": "Ice Beam",
      "Item2": 38
    },
    {
      "Item1": "Hydro Pump",
      "Item2": 46
    }
  ],
  "Ditto": [
    {
      "Item1": "Transform",
      "Item2": 1
    }
  ],
  "Eevee": [
    {
      "Item1": "Sand-Attack",
      "Item2": 1
    },
    {
      "Item1": "Tackle",
      "Item2": 1
    },
    {
      "Item1": "Quick Attack",
      "Item2": 27
    },
    {
      "Item1": "Tail Whip",
      "Item2": 31
    },
    {
      "Item1": "Bite",
      "Item2": 37
    },
    {
      "Item1": "Take Down",
      "Item2": 45
    }
  ],
  "Vaporeon": [
    {
      "Item1": "Quick Attack",
      "Item2": 1
    },
    {
      "Item1": "Tackle",
      "Item2": 1
    },
    {
      "Item1": "Water Gun",
      "Item2": 1
    },
    {
      "Item1": "Sand-Attack",
      "Item2": 1
    },
    {
      "Item1": "Quick Attack",
      "Item2": 27
    },
    {
      "Item1": "Water Gun",
      "Item2": 31
    },
    {
      "Item1": "Tail Whip",
      "Item2": 37
    },
    {
      "Item1": "Bite",
      "Item2": 40
    },
    {
      "Item1": "Acid Armor",
      "Item2": 42
    },
    {
      "Item1": "Haze",
      "Item2": 44
    },
    {
      "Item1": "Mist",
      "Item2": 48
    },
    {
      "Item1": "Hydro Pump",
      "Item2": 54
    }
  ],
  "Jolteon": [
    {
      "Item1": "Quick Attack",
      "Item2": 1
    },
    {
      "Item1": "Tackle",
      "Item2": 1
    },
    {
      "Item1": "Thundershock",
      "Item2": 1
    },
    {
      "Item1": "Sand-Attack",
      "Item2": 1
    },
    {
      "Item1": "Quick Attack",
      "Item2": 27
    },
    {
      "Item1": "Thundershock",
      "Item2": 31
    },
    {
      "Item1": "Tail Whip",
      "Item2": 37
    },
    {
      "Item1": "Thunder Wave",
      "Item2": 40
    },
    {
      "Item1": "Double Kick",
      "Item2": 42
    },
    {
      "Item1": "Agility",
      "Item2": 44
    },
    {
      "Item1": "Pin Missle",
      "Item2": 48
    },
    {
      "Item1": "Thunder",
      "Item2": 54
    }
  ],
  "Flareon": [
    {
      "Item1": "Ember",
      "Item2": 1
    },
    {
      "Item1": "Sand-Attack",
      "Item2": 1
    },
    {
      "Item1": "Tackle",
      "Item2": 1
    },
    {
      "Item1": "Quick Attack",
      "Item2": 1
    },
    {
      "Item1": "Quick Attack",
      "Item2": 27
    },
    {
      "Item1": "Ember",
      "Item2": 31
    },
    {
      "Item1": "Tail Whip",
      "Item2": 37
    },
    {
      "Item1": "Bite",
      "Item2": 40
    },
    {
      "Item1": "Leer",
      "Item2": 42
    },
    {
      "Item1": "Fire Spin",
      "Item2": 44
    },
    {
      "Item1": "Rage",
      "Item2": 48
    },
    {
      "Item1": "Flamethrower",
      "Item2": 54
    }
  ],
  "Porygon": [
    {
      "Item1": "Conversion",
      "Item2": 1
    },
    {
      "Item1": "Sharpen",
      "Item2": 1
    },
    {
      "Item1": "Tackle",
      "Item2": 1
    },
    {
      "Item1": "Psybeam",
      "Item2": 23
    },
    {
      "Item1": "Recover",
      "Item2": 28
    },
    {
      "Item1": "Agility",
      "Item2": 35
    },
    {
      "Item1": "Tri Attack",
      "Item2": 42
    }
  ],
  "Omanyte": [
    {
      "Item1": "Water Gun",
      "Item2": 1
    },
    {
      "Item1": "Withdraw",
      "Item2": 1
    },
    {
      "Item1": "Horn Attack",
      "Item2": 34
    },
    {
      "Item1": "Leer",
      "Item2": 39
    },
    {
      "Item1": "Spike Cannon",
      "Item2": 46
    },
    {
      "Item1": "Hydro Pump",
      "Item2": 53
    }
  ],
  "Omastar": [
    {
      "Item1": "Horn Attack",
      "Item2": 1
    },
    {
      "Item1": "Water Gun",
      "Item2": 1
    },
    {
      "Item1": "Withdraw",
      "Item2": 1
    },
    {
      "Item1": "Horn Attack",
      "Item2": 34
    },
    {
      "Item1": "Leer",
      "Item2": 39
    },
    {
      "Item1": "Spike Cannon",
      "Item2": 44
    },
    {
      "Item1": "Hydro Pump",
      "Item2": 49
    }
  ],
  "Kabuto": [
    {
      "Item1": "Harden",
      "Item2": 1
    },
    {
      "Item1": "Scratch",
      "Item2": 1
    },
    {
      "Item1": "Absorb",
      "Item2": 34
    },
    {
      "Item1": "Slash",
      "Item2": 39
    },
    {
      "Item1": "Leer",
      "Item2": 44
    },
    {
      "Item1": "Hydro Pump",
      "Item2": 49
    }
  ],
  "Kabutops": [
    {
      "Item1": "Absorb",
      "Item2": 1
    },
    {
      "Item1": "Harden",
      "Item2": 1
    },
    {
      "Item1": "Scratch",
      "Item2": 1
    },
    {
      "Item1": "Absorb",
      "Item2": 34
    },
    {
      "Item1": "Slash",
      "Item2": 39
    },
    {
      "Item1": "Leer",
      "Item2": 46
    },
    {
      "Item1": "Hydro Pump",
      "Item2": 53
    }
  ],
  "Aerodactyl": [
    {
      "Item1": "Agility",
      "Item2": 1
    },
    {
      "Item1": "Wing Attack",
      "Item2": 1
    },
    {
      "Item1": "Supersonic",
      "Item2": 33
    },
    {
      "Item1": "Bite",
      "Item2": 38
    },
    {
      "Item1": "Take Down",
      "Item2": 45
    },
    {
      "Item1": "Hyper Beam",
      "Item2": 54
    }
  ],
  "Snorlax": [
    {
      "Item1": "Amnesia",
      "Item2": 1
    },
    {
      "Item1": "Headbutt",
      "Item2": 1
    },
    {
      "Item1": "Rest",
      "Item2": 1
    },
    {
      "Item1": "Body Slam",
      "Item2": 35
    },
    {
      "Item1": "Harden",
      "Item2": 41
    },
    {
      "Item1": "Double-Edge",
      "Item2": 48
    },
    {
      "Item1": "Hyper Beam",
      "Item2": 56
    }
  ],
  "Articuno": [
    {
      "Item1": "Ice Beam",
      "Item2": 1
    },
    {
      "Item1": "Peck",
      "Item2": 1
    },
    {
      "Item1": "Blizzard",
      "Item2": 51
    },
    {
      "Item1": "Agility",
      "Item2": 55
    },
    {
      "Item1": "Mist",
      "Item2": 60
    }
  ],
  "Zapdos": [
    {
      "Item1": "Drill Peck",
      "Item2": 1
    },
    {
      "Item1": "Thundershock",
      "Item2": 1
    },
    {
      "Item1": "Thunder",
      "Item2": 51
    },
    {
      "Item1": "Agility",
      "Item2": 55
    },
    {
      "Item1": "Light Screen",
      "Item2": 60
    }
  ],
  "Moltres": [
    {
      "Item1": "Fire Spin",
      "Item2": 1
    },
    {
      "Item1": "Peck",
      "Item2": 1
    },
    {
      "Item1": "Leer",
      "Item2": 51
    },
    {
      "Item1": "Agility",
      "Item2": 55
    },
    {
      "Item1": "Sky Attack",
      "Item2": 60
    }
  ],
  "Dratini": [
    {
      "Item1": "Leer",
      "Item2": 1
    },
    {
      "Item1": "Wrap",
      "Item2": 1
    },
    {
      "Item1": "Thunder Wave",
      "Item2": 10
    },
    {
      "Item1": "Agility",
      "Item2": 20
    },
    {
      "Item1": "Slam",
      "Item2": 30
    },
    {
      "Item1": "Dragon Rage",
      "Item2": 40
    },
    {
      "Item1": "Hyper Beam",
      "Item2": 50
    }
  ],
  "Dragonair": [
    {
      "Item1": "Leer",
      "Item2": 1
    },
    {
      "Item1": "Thunder Wave",
      "Item2": 1
    },
    {
      "Item1": "Wrap",
      "Item2": 1
    },
    {
      "Item1": "Thunder Wave",
      "Item2": 10
    },
    {
      "Item1": "Agility",
      "Item2": 20
    },
    {
      "Item1": "Slam",
      "Item2": 35
    },
    {
      "Item1": "Dragon Rage",
      "Item2": 45
    },
    {
      "Item1": "Hyper Beam",
      "Item2": 55
    }
  ],
  "Dragonite": [
    {
      "Item1": "Agility",
      "Item2": 1
    },
    {
      "Item1": "Leer",
      "Item2": 1
    },
    {
      "Item1": "Thunder Wave",
      "Item2": 1
    },
    {
      "Item1": "Wrap",
      "Item2": 1
    },
    {
      "Item1": "Thunder Wave",
      "Item2": 10
    },
    {
      "Item1": "Agility",
      "Item2": 20
    },
    {
      "Item1": "Slam",
      "Item2": 35
    },
    {
      "Item1": "Dragon Rage",
      "Item2": 45
    },
    {
      "Item1": "Hyper Beam",
      "Item2": 60
    }
  ],
  "Mewtwo": [
    {
      "Item1": "Confusion",
      "Item2": 1
    },
    {
      "Item1": "Disable",
      "Item2": 1
    },
    {
      "Item1": "Psychic",
      "Item2": 1
    },
    {
      "Item1": "Swift",
      "Item2": 1
    },
    {
      "Item1": "Barrier",
      "Item2": 63
    },
    {
      "Item1": "Psychic",
      "Item2": 66
    },
    {
      "Item1": "Recover",
      "Item2": 70
    },
    {
      "Item1": "Mist",
      "Item2": 75
    },
    {
      "Item1": "Amnesia",
      "Item2": 81
    }
  ],
  "Mew": [
    {
      "Item1": "Pound",
      "Item2": 1
    },
    {
      "Item1": "Transform",
      "Item2": 10
    },
    {
      "Item1": "Mega Punch",
      "Item2": 20
    },
    {
      "Item1": "Metronome",
      "Item2": 30
    },
    {
      "Item1": "Psychic",
      "Item2": 40
    }
  ]
}