{
  "Bulbasaur": 4,
  "Ivysaur": 4,
  "Venusaur": 4,
  "Charmander": 0,
  "Charmeleon": 0,
  "Charizard": 0,
  "Squirtle": 2,
  "Wartortle": 2,
  "Blastoise": 2,
  "Caterpie": 5,
  "Metapod": 5,
  "Butterfree": 5,
  "Weedle": 5,
  "Kakuna": 5,
  "Beedrill": 5,
  "Pidgey": 1,
  "Pidgeotto": 1,
  "Pidgeot": 1,
  "Rattata": 7,
  "Raticate": 7,
  "Spearow": 1,
  "Fearow": 1,
  "Ekans": 6,
  "Arbok": 6,
  "Pikachu": 3,
  "Raichu": 3,
  "Sandshrew": 0,
  "Sandslash": 0,
  "Nidoran♀": 0,
  "Nidorina": 0,
  "Nidoqueen": 0,
  "Nidoran♂": 0,
  "Nidorino": 0,
  "Nidoking": 0,
  "Clefairy": 3,
  "Clefable": 3,
  "Vulpix": 7,
  "Ninetales": 7,
  "Jigglypuff": 3,
  "Wigglytuff": 3,
  "Zubat": 0,
  "Golbat": 0,
  "Oddish": 4,
  "Gloom": 4,
  "Vileplume": 4,
  "Paras": 5,
  "Parasect": 5,
  "Venonat": 5,
  "Venomoth": 5,
  "Diglett": 0,
  "Dugtrio": 0,
  "Meowth": 0,
  "Persian": 0,
  "Psyduck": 0,
  "Golduck": 0,
  "Mankey": 0,
  "Primeape": 0,
  "Growlithe": 7,
  "Arcanine": 7,
  "Poliwag": 0,
  "Poliwhirl": 0,
  "Poliwrath": 0,
  "Abra": 0,
  "Kadabra": 0,
  "Alakazam": 0,
  "Machop": 0,
  "Machoke": 0,
  "Machamp": 0,
  "Bellsprout": 4,
  "Weepinbell": 4,
  "Victreebel": 4,
  "Tentacool": 2,
  "Tentacruel": 2,
  "Geodude": 0,
  "Graveler": 0,
  "Golem": 0,
  "Ponyta": 7,
  "Rapidash": 7,
  "Slowpoke": 7,
  "Slowbro": 0,
  "Magnemite": 8,
  "Magneton": 8,
  "Farfetch'd": 1,
  "Doduo": 1,
  "Dodrio": 1,
  "Seel": 2,
  "Dewgong": 2,
  "Grimer": 0,
  "Muk": 0,
  "Shellder": 9,
  "Cloyster": 9,
  "Gastly": 0,
  "Haunter": 0,
  "Gengar": 0,
  "Onix": 6,
  "Drowzee": 0,
  "Hypno": 0,
  "Krabby": 2,
  "Kingler": 2,
  "Voltorb": 8,
  "Electrode": 8,
  "Exeggcute": 4,
  "Exeggutor": 4,
  "Cubone": 0,
  "Marowak": 0,
  "Hitmonlee": 0,
  "Hitmonchan": 0,
  "Lickitung": 0,
  "Koffing": 0,
  "Weezing": 0,
  "Rhyhorn": 7,
  "Rhydon": 0,
  "Chansey": 3,
  "Tangela": 4,
  "Kangaskhan": 0,
  "Horsea": 2,
  "Seadra": 2,
  "Goldeen": 2,
  "Seaking": 2,
  "Staryu": 9,
  "Starmie": 9,
  "Mr. Mime": 0,
  "Scyther": 5,
  "Jynx": 0,
  "Electabuzz": 0,
  "Magmar": 0,
  "Pinsir": 5,
  "Tauros": 7,
  "Magikarp": 2,
  "Gyarados": 6,
  "Lapras": 2,
  "Ditto": 0,
  "Eevee": 7,
  "Vaporeon": 7,
  "Jolteon": 7,
  "Flareon": 7,
  "Porygon": 0,
  "Omanyte": 9,
  "Omastar": 9,
  "Kabuto": 9,
  "Kabutops": 9,
  "Aerodactyl": 1,
  "Snorlax": 0,
  "Articuno": 1,
  "Zapdos": 1,
  "Moltres": 1,
  "Dratini": 6,
  "Dragonair": 6,
  "Dragonite": 6,
  "Mewtwo": 0,
  "Mew": 0
}