{
  "Mega Punch": 1,
  "Razor Wind": 2,
  "Swords Dance": 3,
  "Whirlwind": 4,
  "Mega Kick": 5,
  "Toxic": 6,
  "Horn Drill": 7,
  "Body Slam": 8,
  "Take Down": 9,
  "Double-Edge": 10,
  "Bubblebeam": 11,
  "Water Gun": 12,
  "Ice Beam": 13,
  "Blizzard": 14,
  "Hyper Beam": 15,
  "Pay Day": 16,
  "Submission": 17,
  "Counter": 18,
  "Seismic Toss": 19,
  "Rage": 20,
  "Mega Drain": 21,
  "Solarbeam": 22,
  "Dragon Rage": 23,
  "Thunderbolt": 24,
  "Thunder": 25,
  "Earthquake": 26,
  "Fissure": 27,
  "Dig": 28,
  "Psychic": 29,
  "Teleport": 30,
  "Mimic": 31,
  "Double Team": 32,
  "Reflect": 33,
  "Bide": 34,
  "Metronome": 35,
  "Selfdestruct": 36,
  "Egg Bomb": 37,
  "Fire Blast": 38,
  "Swift": 39,
  "Skull Bash": 40,
  "Softboiled": 41,
  "Dream Eater": 42,
  "Sky Attack": 43,
  "Rest": 44,
  "Thunder Wave": 45,
  "Psywave": 46,
  "Explosion": 47,
  "Rock Slide": 48,
  "Tri Attack": 49,
  "Substitute": 50,
  "Cut": 51,
  "Fly": 52,
  "Surf": 53,
  "Strength": 54,
  "Flash": 55
}