{
  "Normal": {
    "Normal": 1.0,
    "Fighting": 1.0,
    "Flying": 1.0,
    "Poison": 1.0,
    "Ground": 1.0,
    "Rock": 0.5,
    "Bug": 1.0,
    "Ghost": 0.0,
    "Fire": 1.0,
    "Water": 1.0,
    "Grass": 1.0,
    "Electric": 1.0,
    "Psychic": 1.0,
    "Ice": 1.0,
    "Dragon": 1.0
  },
  "Fighting": {
    "Normal": 2.0,
    "Fighting": 1.0,
    "Flying": 0.5,
    "Poison": 0.5,
    "Ground": 1.0,
    "Rock": 2.0,
    "Bug": 0.5,
    "Ghost": 0.0,
    "Fire": 1.0,
    "Water": 1.0,
    "Grass": 1.0,
    "Electric": 1.0,
    "Psychic": 0.5,
    "Ice": 2.0,
    "Dragon": 1.0
  },
  "Flying": {
    "Normal": 1.0,
    "Fighting": 2.0,
    "Flying": 1.0,
    "Poison": 1.0,
    "Ground": 1.0,
    "Rock": 0.5,
    "Bug": 2.0,
    "Ghost": 1.0,
    "Fire": 1.0,
    "Water": 1.0,
    "Grass": 2.0,
    "Electric": 0.5,
    "Psychic": 1.0,
    "Ice": 1.0,
    "Dragon": 1.0
  },
  "Poison": {
    "Normal": 1.0,
    "Fighting": 1.0,
    "Flying": 1.0,
    "Poison": 0.5,
    "Ground": 0.5,
    "Rock": 0.5,
    "Bug": 2.0,
    "Ghost": 0.5,
    "Fire": 1.0,
    "Water": 1.0,
    "Grass": 2.0,
    "Electric": 1.0,
    "Psychic": 1.0,
    "Ice": 1.0,
    "Dragon": 1.0
  },
  "Ground": {
    "Normal": 1.0,
    "Fighting": 1.0,
    "Flying": 0.0,
    "Poison": 2.0,
    "Ground": 1.0,
    "Rock": 2.0,
    "Bug": 0.5,
    "Ghost": 1.0,
    "Fire": 2.0,
    "Water": 1.0,
    "Grass": 0.5,
    "Electric": 2.0,
    "Psychic": 1.0,
    "Ice": 1.0,
    "Dragon": 1.0
  },
  "Rock": {
    "Normal": 1.0,
    "Fighting": 0.5,
    "Flying": 2.0,
    "Poison": 1.0,
    "Ground": 0.5,
    "Rock": 1.0,
    "Bug": 2.0,
    "Ghost": 1.0,
    "Fire": 2.0,
    "Water": 1.0,
    "Grass": 1.0,
    "Electric": 1.0,
    "Psychic": 1.0,
    "Ice": 2.0,
    "Dragon": 1.0
  },
  "Bug": {
    "Normal": 1.0,
    "Fighting": 0.5,
    "Flying": 0.5,
    "Poison": 2.0,
    "Ground": 1.0,
    "Rock": 1.0,
    "Bug": 1.0,
    "Ghost": 0.5,
    "Fire": 0.5,
    "Water": 1.0,
    "Grass": 2.0,
    "Electric": 1.0,
    "Psychic": 2.0,
    "Ice": 1.0,
    "Dragon": 1.0
  },
  "Ghost": {
    "Normal": 0.0,
    "Fighting": 1.0,
    "Flying": 1.0,
    "Poison": 1.0,
    "Ground": 1.0,
    "Rock": 1.0,
    "Bug": 1.0,
    "Ghost": 2.0,
    "Fire": 1.0,
    "Water": 1.0,
    "Grass": 1.0,
    "Electric": 1.0,
    "Psychic": 0.0,
    "Ice": 1.0,
    "Dragon": 1.0
  },
  "Fire": {
    "Normal": 1.0,
    "Fighting": 1.0,
    "Flying": 1.0,
    "Poison": 1.0,
    "Ground": 1.0,
    "Rock": 0.5,
    "Bug": 2.0,
    "Ghost": 1.0,
    "Fire": 0.5,
    "Water": 0.5,
    "Grass": 2.0,
    "Electric": 1.0,
    "Psychic": 1.0,
    "Ice": 2.0,
    "Dragon": 0.5
  },
  "Water": {
    "Normal": 1.0,
    "Fighting": 1.0,
    "Flying": 1.0,
    "Poison": 1.0,
    "Ground": 2.0,
    "Rock": 2.0,
    "Bug": 1.0,
    "Ghost": 1.0,
    "Fire": 2.0,
    "Water": 0.5,
    "Grass": 0.5,
    "Electric": 1.0,
    "Psychic": 1.0,
    "Ice": 1.0,
    "Dragon": 0.5
  },
  "Grass": {
    "Normal": 1.0,
    "Fighting": 1.0,
    "Flying": 0.5,
    "Poison": 0.5,
    "Ground": 2.0,
    "Rock": 2.0,
    "Bug": 0.5,
    "Ghost": 1.0,
    "Fire": 0.5,
    "Water": 2.0,
    "Grass": 0.5,
    "Electric": 1.0,
    "Psychic": 1.0,
    "Ice": 1.0,
    "Dragon": 0.5
  },
  "Electric": {
    "Normal": 1.0,
    "Fighting": 1.0,
    "Flying": 2.0,
    "Poison": 1.0,
    "Ground": 0.0,
    "Rock": 1.0,
    "Bug": 1.0,
    "Ghost": 1.0,
    "Fire": 1.0,
    "Water": 2.0,
    "Grass": 0.5,
    "Electric": 0.5,
    "Psychic": 1.0,
    "Ice": 1.0,
    "Dragon": 0.5
  },
  "Psychic": {
    "Normal": 1.0,
    "Fighting": 2.0,
    "Flying": 1.0,
    "Poison": 2.0,
    "Ground": 1.0,
    "Rock": 1.0,
    "Bug": 1.0,
    "Ghost": 1.0,
    "Fire": 1.0,
    "Water": 1.0,
    "Grass": 1.0,
    "Electric": 1.0,
    "Psychic": 0.5,
    "Ice": 1.0,
    "Dragon": 1.0
  },
  "Ice": {
    "Normal": 1.0,
    "Fighting": 1.0,
    "Flying": 2.0,
    "Poison": 1.0,
    "Ground": 2.0,
    "Rock": 1.0,
    "Bug": 1.0,
    "Ghost": 1.0,
    "Fire": 1.0,
    "Water": 0.5,
    "Grass": 2.0,
    "Electric": 1.0,
    "Psychic": 1.0,
    "Ice": 0.5,
    "Dragon": 2.0
  },
  "Dragon": {
    "Normal": 1.0,
    "Fighting": 1.0,
    "Flying": 1.0,
    "Poison": 1.0,
    "Ground": 1.0,
    "Rock": 1.0,
    "Bug": 1.0,
    "Ghost": 1.0,
    "Fire": 1.0,
    "Water": 1.0,
    "Grass": 1.0,
    "Electric": 1.0,
    "Psychic": 1.0,
    "Ice": 1.0,
    "Dragon": 2.0
  }
}